Date,Account,Transaction Type,Category,Sub-Category,Quickbooks Category,Description, Amount ,Status,Notes,Ben Review
8/1/25,Winslow - Checking *2917,Check,Fixed Expense,Rent/Lease,Rent/Lease,13179 Marisol RE,"($5,903.09)",Amber,Fixed recurring expense  ensure proper invoice and coding.,Y
8/1/25,Winslow - Checking *2917,Deposit,Food & Beverage Sales,Food & Beverage Sales,Gross Receipts,"Deposits, Orig CO Name:SHIFT4","$5,209.32 ",Green,Revenue/Deposit  no concerns; aligns with operating activity.,
8/1/25,Winslow - Checking *2917,Electronic Withdrawal,Labor Expense,ADP - Payroll Fees,ADP - Payroll Fees,"payroll processing fees, Orig CO Name:ADP PAYROLL FEES",($74.25),Amber,Recurring labor cost  verify payroll details; monitor for trend.,Y
8/1/25,Winslow - Checking *2917,Electronic Withdrawal,Other Expense,Marketing/Advertising,Marketing/Advertising,"Advertising and Promotion, Orig CO Name:Seated New Gue",($270.39),Amber,Marketing expense  check supporting invoice; validate vendor classification.,Y
8/2/25,Winslow - Checking *2917,Electronic Withdrawal,Other Expense,Uncategorized Expense,Uncategorized Expense,"Merchant Account Fees, Orig CO Name:Shift4",($201.99),Red,Unusual or unclear transaction  confirm business purpose and obtain supporting documents.,Banking fees
8/2/25,Winslow - Checking *2917,Electronic Withdrawal,Other Expense,Uncategorized Expense,Uncategorized Expense,"Merchant Account Fees, Orig CO Name:SHIFT4",($558.15),Red,Unusual or unclear transaction  confirm business purpose and obtain supporting documents.,Banking fees
8/3/25,Winslow - Checking *2917,Deposit,Food & Beverage Sales,Food & Beverage Sales,Gross Receipts,"Deposits, Orig CO Name:SHIFT4","$1,752.03 ",Green,Revenue/Deposit  no concerns; aligns with operating activity.,
8/3/25,Winslow - Checking *2917,Electronic Withdrawal,Other Expense,Music/DJ,Music/DJ,"Music and Entertainment, Alex Miller",($150.00),Amber,Operating expense  check supporting document; validate correct P&L classification.,Y
8/3/25,Winslow - Checking *2917,Electronic Withdrawal,Other Expense,Music/DJ,Music/DJ,"Music and Entertainment, Dave Music",($150.00),Amber,Operating expense  check supporting document; validate correct P&L classification.,Y
8/3/25,Winslow - Checking *2917,Electronic Withdrawal,Other Expense,Music/DJ,Music/DJ,"Music and Entertainment, Navigator entertainment",($700.00),Amber,Operating expense  check supporting document; validate correct P&L classification.,Y
8/4/25,Winslow - Checking *2917,Deposit,Food & Beverage Sales,Food & Beverage Sales,Gross Receipts,"Deposits, Orig CO Name:SHIFT4","$6,903.97 ",Green,Revenue/Deposit  no concerns; aligns with operating activity.,
8/4/25,Winslow - Checking *2917,Deposit,Food & Beverage Sales,Food & Beverage Sales,Gross Receipts,"Deposits, Orig CO Name:SHIFT4","$11,297.33 ",Green,Revenue/Deposit  no concerns; aligns with operating activity.,
8/5/25,Winslow - Checking *2917,Deposit,Food & Beverage Sales,Food & Beverage Sales,Gross Receipts,"Deposits, Orig CO Name:SHIFT4","$1,559.53 ",Green,Revenue/Deposit  no concerns; aligns with operating activity.,
8/5/25,Winslow - Checking *2917,Electronic Withdrawal,Labor Expense,ADP - Wage Pay,ADP - Wage Pay,"Payroll Liabilities:Net Payroll, Orig CO Name: ADP WAGE PAY","($10,742.13)",Amber,Recurring labor cost  verify payroll details; monitor for trend.,Y
8/5/25,Winslow - Checking *2917,Electronic Withdrawal,Labor Expense,ADP - Tax,ADP - Tax,"Payroll Liabilities, Orig CO Name:ADP Tax","($4,374.01)",Amber,Operating expense  check supporting document; validate correct P&L classification.,Y
8/6/25,Winslow - Checking *2917,Deposit,Food & Beverage Sales,Food & Beverage Sales,Gross Receipts,"Deposits, Orig CO Name:SHIFT4","$4,291.54 ",Green,Revenue/Deposit  no concerns; aligns with operating activity.,
8/6/25,Winslow - Checking *2917,Electronic Withdrawal,Labor Expense,ADP - Pay-by-Pay,ADP - Pay-by-Pay,"Insurance Expense, Orig CO Name:ADP PAY-BY-PAY",($151.84),Amber,Recurring labor cost  verify payroll details; monitor for trend.,Y
8/7/25,Winslow - Checking *2917,Check,Fixed Expense,Rent/Lease,Rent/Lease,13186 Mariosl RE,"($15,000.00)",Amber,Fixed recurring expense  ensure proper invoice and coding.,Y
8/7/25,Winslow - Checking *2917,Deposit,Food & Beverage Sales,Food & Beverage Sales,Gross Receipts,"Deposits, Orig CO Name:SHIFT4","$4,839.77 ",Green,Revenue/Deposit  no concerns; aligns with operating activity.,
8/8/25,Winslow - Checking *2917,Deposit,Food & Beverage Sales,Food & Beverage Sales,Gross Receipts,"Deposits, Orig CO Name:SHIFT4","$2,632.61 ",Green,Revenue/Deposit  no concerns; aligns with operating activity.,
8/8/25,Winslow - Checking *2917,Electronic Withdrawal,Labor Expense,ADP - Payroll Fees,ADP - Payroll Fees,"payroll processing fees, Orig CO Name:ADP PAYROLL FEES",($72.98),Amber,Recurring labor cost  verify payroll details; monitor for trend.,Y
8/8/25,Winslow - Checking *2917,Electronic Withdrawal,Other Expense,Credit Card - Chase,Credit Card - Chase,"Credit Card Payment, Mark Tafoya","($2,548.12)",Amber,Operating expense  check supporting document; validate correct P&L classification.,Y
8/8/25,Winslow - Checking *2917,Electronic Withdrawal,Other Expense,Marketing/Advertising,Marketing/Advertising,"Advertising and Promotion, Chair up",($169.59),Amber,Marketing expense  check supporting invoice; validate vendor classification.,Y
8/10/25,Winslow - Checking *2917,Electronic Withdrawal,Other Expense,Music/DJ,Music/DJ,"Music and Entertainment, Dave Music",($150.00),Amber,Operating expense  check supporting document; validate correct P&L classification.,Y
8/10/25,Winslow - Checking *2917,Electronic Withdrawal,Other Expense,Music/DJ,Music/DJ,"Music and Entertainment, Alex Miller",($150.00),Amber,Operating expense  check supporting document; validate correct P&L classification.,Y
8/11/25,Winslow - Checking *2917,Deposit,Event/Gin Club/Other Sales,Event/Gin Club/Other Sales,Event/Gin Club/Other Sales,"Deposits, Purple Pass 1","$1,500.00 ",Green,Revenue/Deposit  no concerns; aligns with operating activity.,
8/11/25,Winslow - Checking *2917,Deposit,Food & Beverage Sales,Food & Beverage Sales,Gross Receipts,"Deposits, Orig CO Name:SHIFT4","$5,337.79 ",Green,Revenue/Deposit  no concerns; aligns with operating activity.,
8/11/25,Winslow - Checking *2917,Deposit,Food & Beverage Sales,Food & Beverage Sales,Gross Receipts,"Deposits, Orig CO Name:SHIFT4","$11,568.64 ",Green,Revenue/Deposit  no concerns; aligns with operating activity.,
8/11/25,Winslow - Checking *2917,Deposit,Food & Beverage Sales,Food & Beverage Sales,Gross Receipts,"Deposits, Orig CO Name:SHIFT4","$3,933.38 ",Green,Revenue/Deposit  no concerns; aligns with operating activity.,
8/11/25,Winslow - Checking *2917,Deposit,Other Income,Uncategorized Income,Uncategorized Income,"Other Income, BOOK TRANSFER CREDIT","$1,819.33 ",Amber,Revenue/Deposit  no concerns; aligns with operating activity.,"N, ?"
8/12/25,Winslow - Checking *2917,Deposit,Food & Beverage Sales,Food & Beverage Sales,Gross Receipts,"Deposits, Orig CO Name:SHIFT4","$1,817.85 ",Green,Revenue/Deposit  no concerns; aligns with operating activity.,
8/12/25,Winslow - Checking *2917,Deposit,Other Income,Uncategorized Income,Uncategorized Income,"Deposits, Orig CO Name:Square Inc",$4.55 ,Amber,Revenue/Deposit  no concerns; aligns with operating activity.,Y
8/12/25,Winslow - Checking *2917,Electronic Withdrawal,Cost of Goods Sold,Beverage Expense,Beverage Expense,"COGS:Beverage Purchases:Beer, ANHEUSER-BUSCH",($406.00),Amber,Operating expense  check supporting document; validate correct P&L classification.,Y
8/12/25,Winslow - Checking *2917,Electronic Withdrawal,Cost of Goods Sold,Beverage Expense,Beverage Expense,"COGS:Beverage Purchases:Beer, Manhattan Beer Distributors","($1,482.82)",Amber,Operating expense  check supporting document; validate correct P&L classification.,Y
8/12/25,Winslow - Checking *2917,Electronic Withdrawal,Cost of Goods Sold,Food Expense,Food Expense,"COGS:Food Purchases, Baldor","($2,419.66)",Amber,Operating expense  check supporting document; validate correct P&L classification.,Y
8/12/25,Winslow - Checking *2917,Electronic Withdrawal,Other Expense,Repairs & Maintenance,Repairs & Maintenance,"exterminator, Zelle payment to Matt Hill Exterminator",($176.00),Amber,Fixed recurring expense  ensure proper invoice and coding.,Y
8/12/25,Winslow - Checking *2917,Electronic Withdrawal,Labor Expense,ADP - Wage Pay,ADP - Wage Pay,"Payroll Liabilities:Net Payroll, Orig CO Name: ADP WAGE PAY","($12,892.08)",Amber,Recurring labor cost  verify payroll details; monitor for trend.,Y
8/12/25,Winslow - Checking *2917,Electronic Withdrawal,Other Expense,Music/DJ,Music/DJ,"Music and Entertainment, Navigator entertainment",($350.00),Amber,Operating expense  check supporting document; validate correct P&L classification.,Y
8/12/25,Winslow - Checking *2917,Electronic Withdrawal,Labor Expense,ADP - Tax,ADP - Tax,"Payroll Liabilities, Orig CO Name:ADP Tax","($5,356.08)",Amber,Operating expense  check supporting document; validate correct P&L classification.,Y
8/13/25,Winslow - Checking *2917,Check,Other Expense,Repairs & Maintenance,Repairs & Maintenance,13192 Roger Cabezas HVAC,"($1,110.53)",Amber,Fixed recurring expense  ensure proper invoice and coding.,Y
8/13/25,Winslow - Checking *2917,Deposit,Food & Beverage Sales,Food & Beverage Sales,Gross Receipts,"Deposits, Orig CO Name:SHIFT4","$2,387.63 ",Green,Revenue/Deposit  no concerns; aligns with operating activity.,
8/13/25,Winslow - Checking *2917,Deposit,Other Income,Uncategorized Income,Uncategorized Income,"Deposits, Orig CO Name:Square Inc",$4.55 ,Amber,Revenue/Deposit  no concerns; aligns with operating activity.,Y
8/13/25,Winslow - Checking *2917,Electronic Withdrawal,Cost of Goods Sold,Beverage Expense,Beverage Expense,"COGS:Beverage Purchases:Beer, Manhattan Beer Distributors","($1,399.64)",Amber,Operating expense  check supporting document; validate correct P&L classification.,Y
8/13/25,Winslow - Checking *2917,Electronic Withdrawal,Cost of Goods Sold,Beverage Expense,Beverage Expense,"COGS:Beverage Purchases: Soda/Juice/Bar Mixers, Mark Tafoya",($86.40),Amber,Operating expense  check supporting document; validate correct P&L classification.,Y
8/13/25,Winslow - Checking *2917,Electronic Withdrawal,Cost of Goods Sold,Beverage Expense,Beverage Expense,"COGS:Beverage Purchases: Liquor, EMPIRE MERCHANTS","($1,185.96)",Amber,Operating expense  check supporting document; validate correct P&L classification.,Y
8/13/25,Winslow - Checking *2917,Electronic Withdrawal,Cost of Goods Sold,Beverage Expense,Beverage Expense,"COGS:Beverage Purchases:Liquor, Cazanove Opici W","($1,181.59)",Amber,Operating expense  check supporting document; validate correct P&L classification.,Y
8/13/25,Winslow - Checking *2917,Electronic Withdrawal,Cost of Goods Sold,Food Expense,Food Expense,"COGS:Food Purchases, Woolco Foods Inc","($1,603.73)",Amber,Operating expense  check supporting document; validate correct P&L classification.,Y
8/13/25,Winslow - Checking *2917,Electronic Withdrawal,Labor Expense,ADP - Pay-by-Pay,ADP - Pay-by-Pay,"Insurance Expense, Orig CO Name: ADP PAY-BY-PAY",($170.85),Amber,Recurring labor cost  verify payroll details; monitor for trend.,Y
8/14/25,Winslow - Checking *2917,Deposit,Food & Beverage Sales,Food & Beverage Sales,Gross Receipts,"Deposits, Orig CO Name:SHIFT4","$2,545.24 ",Green,Revenue/Deposit  no concerns; aligns with operating activity.,
8/14/25,Winslow - Checking *2917,Deposit,Other Income,Uncategorized Income,Uncategorized Income,"Deposits, Orig CO Name:Square Inc",$4.55 ,Amber,Revenue/Deposit  no concerns; aligns with operating activity.,Y
8/15/25,Winslow - Checking *2917,Check,Cost of Goods Sold,Supplies & Packaging Expense,Supplies & Packaging Expense,13188 Coast,($336.03),Amber,Operating expense  check supporting document; validate correct P&L classification.,Y
8/15/25,Winslow - Checking *2917,Check,Taxes,Taxes & Licenses,Taxes & Licenses,13191 NYS Dept of Tax,($604.50),Amber,Operating expense  check supporting document; validate correct P&L classification.,Y
8/15/25,Winslow - Checking *2917,Deposit,Event/Gin Club/Other Sales,Event/Gin Club/Other Sales,Event/Gin Club/Other Sales,"Deposits, Purple Pass 1",$385.00 ,Green,Revenue/Deposit  no concerns; aligns with operating activity.,
8/15/25,Winslow - Checking *2917,Deposit,Food & Beverage Sales,Food & Beverage Sales,Gross Receipts,"Deposits, Orig CO Name:SHIFT4","$4,348.38 ",Green,Revenue/Deposit  no concerns; aligns with operating activity.,
8/15/25,Winslow - Checking *2917,Electronic Withdrawal,Labor Expense,ADP - Payroll Fees,ADP - Payroll Fees,"payroll processing fees, Orig CO Name: ADP PAYROLL FEES",($71.70),Amber,Recurring labor cost  verify payroll details; monitor for trend.,Y
8/15/25,Winslow - Checking *2917,Electronic Withdrawal,Other Expense,Loan Repayment,Loan Repayment,"SBA Loan, Orig CO Name:SBA LOAN",($800.00),Amber,Operating expense  check supporting document; validate correct P&L classification.,Y
8/15/25,Winslow - Checking *2917,Electronic Withdrawal,Other Expense,Marketing/Advertising,Marketing/Advertising,"Advertising and Promotion, Chair up",($162.05),Amber,Marketing expense  check supporting invoice; validate vendor classification.,Y
8/16/25,Winslow - Checking *2917,Deposit,Food & Beverage Sales,Food & Beverage Sales,Gross Receipts,"Deposits, Orig CO Name:SPICETECH LLC",$187.27 ,Green,Revenue/Deposit  no concerns; aligns with operating activity.,
8/17/25,Winslow - Checking *2917,Electronic Withdrawal,Other Expense,Marketing/Advertising,Marketing/Advertising,"Advertising and Promotion, Zelle payment to MADELINE",($50.00),Amber,Marketing expense  check supporting invoice; validate vendor classification.,Y
8/17/25,Winslow - Checking *2917,Electronic Withdrawal,Other Expense,Music/DJ,Music/DJ,"Music and Entertainment, Dave Music",($150.00),Amber,Operating expense  check supporting document; validate correct P&L classification.,Y
8/17/25,Winslow - Checking *2917,Electronic Withdrawal,Other Expense,Music/DJ,Music/DJ,"Music and Entertainment, Alex Miller",($150.00),Amber,Operating expense  check supporting document; validate correct P&L classification.,Y
8/18/25,Winslow - Checking *2917,Deposit,Food & Beverage Sales,Food & Beverage Sales,Gross Receipts,"Deposits, Orig CO Name:SHIFT4","$8,697.55 ",Green,Revenue/Deposit  no concerns; aligns with operating activity.,
8/18/25,Winslow - Checking *2917,Deposit,Food & Beverage Sales,Food & Beverage Sales,Gross Receipts,"Deposits, Orig CO Name:SHIFT4","$6,176.08 ",Green,Revenue/Deposit  no concerns; aligns with operating activity.,
8/18/25,Winslow - Checking *2917,Deposit,Food & Beverage Sales,Food & Beverage Sales,Gross Receipts,"Deposits, Orig CO Name:SHIFT4","$3,239.03 ",Green,Revenue/Deposit  no concerns; aligns with operating activity.,
8/18/25,Winslow - Checking *2917,Electronic Withdrawal,Labor Expense,ADP - Wage Pay,ADP - Wage Pay,"Payroll Liabilities:Net Payroll, Orig CO Name: ADP WAGE PAY","($12,033.81)",Amber,Recurring labor cost  verify payroll details; monitor for trend.,Y
8/18/25,Winslow - Checking *2917,Electronic Withdrawal,Other Expense,Music/DJ,Music/DJ,"Music and Entertainment, Navigator entertainment",($350.00),Amber,Operating expense  check supporting document; validate correct P&L classification.,Y
8/19/25,Winslow - Checking *2917,Deposit,Food & Beverage Sales,Food & Beverage Sales,Gross Receipts,"Deposits, Orig CO Name:SHIFT4","$3,743.66 ",Green,Revenue/Deposit  no concerns; aligns with operating activity.,
8/19/25,Winslow - Checking *2917,Electronic Withdrawal,Other Expense,Internet/Phone/TV,Internet/Phone/TV,"Telephone Expense, Verizon Wireless",($244.55),Amber,Fixed recurring expense  ensure proper invoice and coding.,Y
8/19/25,Winslow - Checking *2917,Electronic Withdrawal,Labor Expense,ADP - Tax,ADP - Tax,"Payroll Liabilities, Orig CO Name:ADP Tax","($4,903.85)",Amber,Operating expense  check supporting document; validate correct P&L classification.,Y
8/20/25,Winslow - Checking *2917,Deposit,Food & Beverage Sales,Food & Beverage Sales,Gross Receipts,"Deposits, Orig CO Name:SHIFT4","$3,995.23 ",Green,Revenue/Deposit  no concerns; aligns with operating activity.,
8/20/25,Winslow - Checking *2917,Electronic Withdrawal,Cost of Goods Sold,Beverage Expense,Beverage Expense,"COGS:Beverage Purchases:Liquor, Winebow",($517.14),Amber,Operating expense  check supporting document; validate correct P&L classification.,Y
8/20/25,Winslow - Checking *2917,Electronic Withdrawal,Cost of Goods Sold,Beverage Expense,Beverage Expense,"COGS:Beverage Purchases:Liquor, Park Street Imports",($263.88),Amber,Operating expense  check supporting document; validate correct P&L classification.,Y
8/20/25,Winslow - Checking *2917,Electronic Withdrawal,Other Expense,Utilities,Utilities,"Utilities, Con Edison","($4,487.69)",Amber,Fixed recurring expense  ensure proper invoice and coding.,Y
8/20/25,Winslow - Checking *2917,Electronic Withdrawal,Taxes,Taxes & Licenses,Taxes & Licenses,"Sales Tax Payable, nys sales tax","($8,150.45)",Amber,Operating expense  check supporting document; validate correct P&L classification.,Y
8/21/25,Winslow - Checking *2917,Deposit,Event/Gin Club/Other Sales,Event/Gin Club/Other Sales,Event/Gin Club/Other Sales,"Deposits, Orig CO Name:PULSD INC.",$52.00 ,Green,Revenue/Deposit  no concerns; aligns with operating activity.,
8/21/25,Winslow - Checking *2917,Deposit,Food & Beverage Sales,Food & Beverage Sales,Gross Receipts,"Deposits, Orig CO Name:SHIFT4","$1,753.18 ",Green,Revenue/Deposit  no concerns; aligns with operating activity.,
8/21/25,Winslow - Checking *2917,Electronic Withdrawal,Labor Expense,ADP - Pay-by-Pay,ADP - Pay-by-Pay,"Insurance Expense, Orig CO Name: ADP PAY-BY-PAY",($154.22),Amber,Fixed recurring expense  ensure proper invoice and coding.,Y
8/22/25,Winslow - Checking *2917,Deposit,Food & Beverage Sales,Food & Beverage Sales,Gross Receipts,"Deposits, Orig CO Name:SHIFT4","$2,675.67 ",Green,Revenue/Deposit  no concerns; aligns with operating activity.,
8/22/25,Winslow - Checking *2917,Electronic Withdrawal,Labor Expense,ADP - Payroll Fees,ADP - Payroll Fees,"payroll processing fees, Orig CO Name:ADP PAYROLL FEES",($83.20),Amber,Recurring labor cost  verify payroll details; monitor for trend.,Y
8/22/25,Winslow - Checking *2917,Electronic Withdrawal,Other Expense,Marketing/Advertising,Marketing/Advertising,"Advertising and Promotion, Chair up",($219.74),Amber,Marketing expense  check supporting invoice; validate vendor classification.,Y
8/23/25,Winslow - Checking *2917,Deposit,Food & Beverage Sales,Food & Beverage Sales,Gross Receipts,"Deposits, Orig CO Name:SHIFT4","$5,151.86 ",Green,Revenue/Deposit  no concerns; aligns with operating activity.,
8/25/25,Winslow - Checking *2917,Deposit,Event/Gin Club/Other Sales,Event/Gin Club/Other Sales,Event/Gin Club/Other Sales,"Deposits, Purple Pass 1",$630.00 ,Green,Revenue/Deposit  no concerns; aligns with operating activity.,
8/25/25,Winslow - Checking *2917,Deposit,Food & Beverage Sales,Food & Beverage Sales,Gross Receipts,"Deposits, Orig CO Name:SHIFT4","$5,211.44 ",Green,Revenue/Deposit  no concerns; aligns with operating activity.,
8/25/25,Winslow - Checking *2917,Deposit,Food & Beverage Sales,Food & Beverage Sales,Gross Receipts,"Deposits, Orig CO Name:SHIFT4","$10,209.79 ",Green,Revenue/Deposit  no concerns; aligns with operating activity.,
8/25/25,Winslow - Checking *2917,Electronic Withdrawal,Other Expense,Internet/Phone/TV,Internet/Phone/TV,"Telephone Expense, T-Mobile",($196.20),Amber,Fixed recurring expense  ensure proper invoice and coding.,Y
8/25/25,Winslow - Checking *2917,Electronic Withdrawal,Other Expense,Music/DJ,Music/DJ,"Music and Entertainment, Dave Music",($150.00),Amber,Operating expense  check supporting document; validate correct P&L classification.,Y
8/25/25,Winslow - Checking *2917,Electronic Withdrawal,Other Expense,Music/DJ,Music/DJ,"Music and Entertainment, Navigator entertainment",($350.00),Amber,Operating expense  check supporting document; validate correct P&L classification.,Y
8/25/25,Winslow - Checking *2917,Electronic Withdrawal,Other Expense,Music/DJ,Music/DJ,"Music and Entertainment, Alex Miller",($150.00),Amber,Operating expense  check supporting document; validate correct P&L classification.,Y
8/26/25,Winslow - Checking *2917,Deposit,Food & Beverage Sales,Food & Beverage Sales,Gross Receipts,"Deposits, Orig CO Name:SHIFT4","$3,941.60 ",Green,Revenue/Deposit  no concerns; aligns with operating activity.,
8/26/25,Winslow - Checking *2917,Electronic Withdrawal,Cost of Goods Sold,Beverage Expense,Beverage Expense,"COGS:Beverage Purchases:Liquor, MS WALKER","($2,507.67)",Amber,Operating expense  check supporting document; validate correct P&L classification.,Y
8/26/25,Winslow - Checking *2917,Electronic Withdrawal,Cost of Goods Sold,Beverage Expense,Beverage Expense,"COGS:Beverage Purchases:Beer, Manhattan Beer Distributors","($2,850.90)",Amber,Operating expense  check supporting document; validate correct P&L classification.,Y
8/26/25,Winslow - Checking *2917,Electronic Withdrawal,Cost of Goods Sold,Beverage Expense,Beverage Expense,"COGS:Beverage Purchases:Liquor, EMPIRE MERCHANTS","($2,387.00)",Amber,Operating expense  check supporting document; validate correct P&L classification.,Y
8/26/25,Winslow - Checking *2917,Electronic Withdrawal,Cost of Goods Sold,Beverage Expense,Beverage Expense,"COGS:Beverage Purchases:Liquor, Redbull US",($86.40),Amber,Operating expense  check supporting document; validate correct P&L classification.,Y
8/26/25,Winslow - Checking *2917,Electronic Withdrawal,Labor Expense,ADP - Wage Pay,ADP - Wage Pay,"Payroll Liabilities:Net Payroll, Orig CO Name: ADP WAGE PAY","($12,583.06)",Amber,Recurring labor cost  verify payroll details; monitor for trend.,Y
8/26/25,Winslow - Checking *2917,Electronic Withdrawal,Labor Expense,ADP - Tax,ADP - Tax,"Payroll Liabilities, Orig CO Name:ADP Tax","($5,151.41)",Amber,Operating expense  check supporting document; validate correct P&L classification.,Y
8/27/25,Winslow - Checking *2917,Check,Other Expense,Repairs & Maintenance,Repairs & Maintenance,13194 Roger Cabazas HVAC,"($2,231.94)",Amber,Fixed recurring expense  ensure proper invoice and coding.,Y
8/27/25,Winslow - Checking *2917,Deposit,Food & Beverage Sales,Food & Beverage Sales,Gross Receipts,"Deposits, Orig CO Name:SHIFT4","$3,639.00 ",Green,Revenue/Deposit  no concerns; aligns with operating activity.,
8/27/25,Winslow - Checking *2917,Electronic Withdrawal,Fixed Expense,Insurance,Insurance,"Insurance Expense, Orig CO Name:ADP PAY-BY-PAY",($163.87),Amber,Fixed recurring expense  ensure proper invoice and coding.,Y
8/28/25,Winslow - Checking *2917,Check,Fixed Expense,Rent/Lease,Rent/Lease,13193 Marisol RE,"($20,000.00)",Amber,Fixed recurring expense  ensure proper invoice and coding.,Y
8/28/25,Winslow - Checking *2917,Deposit,Food & Beverage Sales,Food & Beverage Sales,Gross Receipts,"Deposits, Orig CO Name:SHIFT4","$2,302.79 ",Green,Revenue/Deposit  no concerns; aligns with operating activity.,
8/29/25,Winslow - Checking *2917,Check,Cost of Goods Sold,Beverage Expense,Beverage Expense,13195 Redbull US,($86.40),Amber,Operating expense  check supporting document; validate correct P&L classification.,Y
8/29/25,Winslow - Checking *2917,Deposit,Food & Beverage Sales,Food & Beverage Sales,Gross Receipts,"Deposits, Orig CO Name:SHIFT4","$4,114.08 ",Green,Revenue/Deposit  no concerns; aligns with operating activity.,
8/29/25,Winslow - Checking *2917,Electronic Withdrawal,Labor Expense,ADP - Payroll Fees,ADP - Payroll Fees,"payroll processing fees, Orig CO Name:ADP PAYROLL FEES",($72.98),Amber,Recurring labor cost  verify payroll details; monitor for trend.,Y
8/29/25,Winslow - Checking *2917,Electronic Withdrawal,Other Expense,Marketing/Advertising,Marketing/Advertising,"Advertising and Promotion, Orig CO Name:Seated New Gue",($113.97),Amber,Marketing expense  check supporting invoice; validate vendor classification.,Y
8/29/25,Winslow - Checking *2917,Electronic Withdrawal,Other Expense,Music/DJ,Music/DJ,"Music and Entertainment, NYC Trivia","($1,400.00)",Amber,Operating expense  check supporting document; validate correct P&L classification.,Y
9/2/25,Winslow - Checking *2917,Deposit,Food & Beverage Sales,Food & Beverage Sales,Gross Receipts,"Deposits, Orig CO Name:SHIFT4","$8,563.38 ",Green,Revenue/Deposit  no concerns; aligns with operating activity.,
9/2/25,Winslow - Checking *2917,Deposit,Food & Beverage Sales,Food & Beverage Sales,Gross Receipts,"Deposits, Orig CO Name:SHIFT4","$4,275.08 ",Green,Revenue/Deposit  no concerns; aligns with operating activity.,
9/2/25,Winslow - Checking *2917,Deposit,Food & Beverage Sales,Food & Beverage Sales,Gross Receipts,"Deposits, Orig CO Name:SHIFT4","$6,537.20 ",Green,Revenue/Deposit  no concerns; aligns with operating activity.,
9/2/25,Winslow - Checking *2917,Deposit,Food & Beverage Sales,Food & Beverage Sales,Gross Receipts,"Deposits, Orig CO Name:SHIFT4","$4,398.50 ",Green,Revenue/Deposit  no concerns; aligns with operating activity.,
9/2/25,Winslow - Checking *2917,Electronic Withdrawal,Cost of Goods Sold,Food Expense,Food Expense,Orig CO Name: Baldor Specialty Orig ID:4270465600 Desc Date: CO Entry Descr:Baldor Spesec:Web Sec:CCD Trace#:111000024856104 Eed:250902 Ind ID:St-M4E9N9O1Q1C1 Ind Name:The Winslow Trn:2454856104Tc,"($2,592.14)",Amber,Operating expense  check supporting document; validate correct P&L classification.,Y
9/2/25,Winslow - Checking *2917,Electronic Withdrawal,Other Expense,Uncategorized Expense,Uncategorized Expense,Orig CO Name: Shift4 Orig ID:1731435739 Desc Date:250831 CO Entry Descr:Fees Sec:CCD Trace#:011500124856106 Eed:250902 Ind ID:068880021774459 Ind Name:The Winslow Trn:2454856106Tc,($58.12),Red,Unusual or unclear transaction  confirm business purpose and obtain supporting documents.,
9/2/25,Winslow - Checking *2917,Electronic Withdrawal,Other Expense,Uncategorized Expense,Uncategorized Expense,Orig CO Name: Shift4 Orig ID:1731435739 Desc Date:250829 CO Entry Descr:Chg Backs Sec:CCD Trace#:011500124856102 Eed:250902 Ind ID:068880021774459 Ind Name:The Winslow Trn:2454856102Tc,($58.06),Red,Unusual or unclear transaction  confirm business purpose and obtain supporting documents.,
9/2/25,Winslow - Checking *2917,Electronic Withdrawal,Labor Expense,ADP - Wage Pay,ADP - Wage Pay,Orig CO Name: ADP Wage Pay Orig ID:9333006057 Desc Date:250902 CO Entry Descr:Wage Pay Sec:CCD Trace#:021000025053203 Eed:250902 Ind ID:940336135887Gjo Ind Name:243 E 14th Cafe Inc th 323298036 Trn:2455053203Tc,"($11,994.13)",Amber,Recurring labor cost  verify payroll details; monitor for trend.,Y
9/2/25,Winslow - Checking *2917,Electronic Withdrawal,Other Expense,Music/DJ,Music/DJ,"Music/Entertainment, Rodney Flood",($150.00),Amber,Operating expense  check supporting document; validate correct P&L classification.,Y
9/2/25,Winslow - Checking *2917,Electronic Withdrawal,Other Expense,Music/DJ,Music/DJ,"Music/Entertainment, Brian Music",($150.00),Amber,Operating expense  check supporting document; validate correct P&L classification.,Y
9/2/25,Winslow - Checking *2917,Electronic Withdrawal,Labor Expense,ADP - Tax,ADP - Tax,Orig CO Name: ADP Tax Orig ID:1223006057 Desc Date:250902 CO Entry Descr:ADP Tax Sec:CCD Trace#:021000025053201 Eed:250902 Ind ID:Lugjo 090334A01 Ind Name:243 E 14th Cafe Inc Trn:2455053201Tc,"($4,822.88)",Amber,Operating expense  check supporting document; validate correct P&L classification.,Y
9/3/25,Winslow - Checking *2917,Deposit,Food & Beverage Sales,Food & Beverage Sales,Gross Receipts,"Deposits, Orig CO Name:SHIFT4","$2,636.69 ",Green,Revenue/Deposit  no concerns; aligns with operating activity.,
9/3/25,Winslow - Checking *2917,Electronic Withdrawal,Cost of Goods Sold,Beverage Expense,Beverage Expense,Orig CO Name: MS Walker Orig ID:1041941600 Desc Date:250902 CO Entry Descr:Web Pay Sec:CCD Trace#:011500126868925 Eed:250903 Ind ID:Mswalker Ind Name:243 E 14th Cafe Inc Trn:2466868925Tc,($528.00),Amber,Operating expense  check supporting document; validate correct P&L classification.,Y
9/3/25,Winslow - Checking *2917,Electronic Withdrawal,Cost of Goods Sold,Food Expense,Food Expense,Orig CO Name: Woolco Foods Orig ID:2331201470 Desc Date: CO Entry Descr:Bank Sweep Sec:Web Trace#:104000015629930 Eed:250903 Ind ID:FT394359570 Ind Name:Winslow Pub & Restaura Trn:2465629930Tc,"($2,821.13)",Amber,Operating expense  check supporting document; validate correct P&L classification.,Y
9/3/25,Winslow - Checking *2917,Electronic Withdrawal,Labor Expense,ADP - Pay-by-Pay,ADP - Pay-by-Pay,Orig CO Name: ADP Pay-By-Pay Orig ID:9555555505 Desc Date:250903 CO Entry Descr:Pay-By-Pay Sec:CCD Trace#:021000027730966 Eed:250903 Ind ID:940336135888Gjo Ind Name:243 E 14th Cafe Inc th 304287687 Trn:2457730966Tc,($157.84),Amber,Recurring labor cost  verify payroll details; monitor for trend.,Y
9/3/25,Winslow - Checking *2917,Electronic Withdrawal,Other Expense,Uncategorized Expense,Uncategorized Expense,Orig CO Name: Shift4 Orig ID:1465216257 Desc Date: CO Entry Descr:Shift4 Sec:CCD Trace#:091000016868927 Eed:250903 Ind ID:I25090204361 Ind Name:638049 The Winslow Trn:2466868927Tc,($201.99),Red,Unusual or unclear transaction  confirm business purpose and obtain supporting documents.,
9/4/25,Winslow - Checking *2917,Check,Cost of Goods Sold,Beverage Expense,Beverage Expense,13197 Polar Bear,($521.10),Amber,Operating expense  check supporting document; validate correct P&L classification.,Y
9/4/25,Winslow - Checking *2917,Check,Cost of Goods Sold,Food Expense,Food Expense,13198 WE,($127.76),Amber,Operating expense  check supporting document; validate correct P&L classification.,Y
9/4/25,Winslow - Checking *2917,Check,Cost of Goods Sold,Food Expense,Food Expense,13199 Pat Lafreida Meat,"($1,237.13)",Amber,Operating expense  check supporting document; validate correct P&L classification.,Y
9/4/25,Winslow - Checking *2917,Deposit,Food & Beverage Sales,Food & Beverage Sales,Gross Receipts,"Deposits, Orig CO Name:SHIFT4","$1,945.53 ",Green,Revenue/Deposit  no concerns; aligns with operating activity.,
9/4/25,Winslow - Checking *2917,Electronic Withdrawal,Event/Gin Club/Other Sales,Event/Gin Club/Other Sales,Event/Gin Club/Other Sales,Remote Deposit - Purple Pass/Gin Club,($350.00),Amber,Revenue/Deposit  no concerns; aligns with operating activity.,"N, ?"
9/5/25,Winslow - Checking *2917,Check,Cost of Goods Sold,Supplies & Packaging Expense,Supplies & Packaging Expense,13196 COast Linens,($430.35),Amber,Operating expense  check supporting document; validate correct P&L classification.,Y
9/5/25,Winslow - Checking *2917,Deposit,Food & Beverage Sales,Food & Beverage Sales,Gross Receipts,"Deposits, Orig CO Name:SHIFT4","$4,153.68 ",Green,Revenue/Deposit  no concerns; aligns with operating activity.,
9/5/25,Winslow - Checking *2917,Deposit,Labor Expense,ADP - Wage Pay,ADP - Wage Pay,"Payroll Liabilities:Net Payroll, Orig CO Name:ADP WAGE PAY",$400.33 ,Red,Revenue/Deposit  no concerns; aligns with operating activity.,
9/5/25,Winslow - Checking *2917,Electronic Withdrawal,Labor Expense,ADP - Payroll Fees,ADP - Payroll Fees,Orig CO Name: ADP Payroll Fees Orig ID:9659605001 Desc Date:250905 CO Entry Descr:ADP Fees Sec:CCD Trace#:021000025550297 Eed:250905 Ind ID:927939721356 Ind Name:699076375243 E 14th CA Trn:2485550297Tc,($74.25),Amber,Recurring labor cost  verify payroll details; monitor for trend.,Y
9/5/25,Winslow - Checking *2917,Electronic Withdrawal,Other Expense,Marketing/Advertising,Marketing/Advertising,Orig CO Name: Seated - New Gue Orig ID:1800948598 Desc Date: CO Entry Descr:Seated- Disec:Web Trace#:091000012787759 Eed:250905 Ind ID:St-G7M1L5D2Z2D8 Ind Name:The Winslow Trn:2472787759Tc,($344.75),Amber,Operating expense  check supporting document; validate correct P&L classification.,Y
9/8/25,Winslow - Checking *2917,Deposit,Food & Beverage Sales,Food & Beverage Sales,Gross Receipts,"Deposits, Orig CO Name:SHIFT4","$12,444.92 ",Green,Revenue/Deposit  no concerns; aligns with operating activity.,
9/8/25,Winslow - Checking *2917,Deposit,Food & Beverage Sales,Food & Beverage Sales,Gross Receipts,"Deposits, Orig CO Name:SHIFT4","$9,262.81 ",Green,Revenue/Deposit  no concerns; aligns with operating activity.,
9/8/25,Winslow - Checking *2917,Deposit,Food & Beverage Sales,Food & Beverage Sales,Gross Receipts,"Deposits, Orig CO Name:SHIFT4","$6,576.08 ",Green,Revenue/Deposit  no concerns; aligns with operating activity.,
9/8/25,Winslow - Checking *2917,Electronic Withdrawal,Cost of Goods Sold,Beverage Expense,Beverage Expense,Orig CO Name: Union Beer Distr Orig ID:9113310559 Desc Date: CO Entry Descr:Invoices Sec:CCD Trace#:021303610893465 Eed:250908 Ind ID:Fmthi09/05/25 Ind Name:The Winslow Trn:2480893465Tc,"($1,849.21)",Amber,Operating expense  check supporting document; validate correct P&L classification.,Y
9/8/25,Winslow - Checking *2917,Electronic Withdrawal,Other Expense,Credit Card - Chase,Credit Card - Chase,Orig CO Name: Chase Credit Crd Orig ID:4760039224 Desc Date:250907 CO Entry Descr:Autopaybus Sec:PPD Trace#:021000024026041 Eed:250908 Ind ID:000000000378620 Ind Name:Tafoya Mark R Trn:2514026041Tc,"($7,829.66)",Amber,Operating expense  check supporting document; validate correct P&L classification.,Y
9/8/25,Winslow - Checking *2917,Electronic Withdrawal,Other Expense,Music/DJ,Music/DJ,"Music/Entertainment, Navigator entertainment",($700.00),Amber,Operating expense  check supporting document; validate correct P&L classification.,Y
9/9/25,Winslow - Checking *2917,Check,Cost of Goods Sold,Beverage Expense,Beverage Expense,13189 Polar Bear,($286.10),Amber,Operating expense  check supporting document; validate correct P&L classification.,Y
9/9/25,Winslow - Checking *2917,Check,Cost of Goods Sold,Food Expense,Food Expense,13187 Pat Lafreida Meat,"($1,356.00)",Amber,Operating expense  check supporting document; validate correct P&L classification.,Y
9/9/25,Winslow - Checking *2917,Check,Cost of Goods Sold,Food Expense,Food Expense,13190 WE,($73.78),Amber,Operating expense  check supporting document; validate correct P&L classification.,Y
9/9/25,Winslow - Checking *2917,Deposit,Food & Beverage Sales,Food & Beverage Sales,Gross Receipts,"Deposits, Orig CO Name:SHIFT4","$9,234.98 ",Green,Revenue/Deposit  no concerns; aligns with operating activity.,
9/9/25,Winslow - Checking *2917,Deposit,Labor Expense,ADP - Pay-by-Pay,ADP - Pay-by-Pay,"Payroll Liabilities:Net Payroll, Orig CO Name:ADP PAY-BY-PAY",$2.39 ,Red,Revenue/Deposit  no concerns; aligns with operating activity.,
9/9/25,Winslow - Checking *2917,Electronic Withdrawal,Labor Expense,ADP - Wage Pay,ADP - Wage Pay,Orig CO Name: ADP Wage Pay Orig ID:9333006057 Desc Date:250909 CO Entry Descr:Wage Pay Sec:CCD Trace#:021000024941050 Eed:250909 Ind ID:939936337225Gjo Ind Name:243 E 14th Cafe Inc th 323298036 Trn:2524941050Tc,"($13,493.75)",Amber,Recurring labor cost  verify payroll details; monitor for trend.,Y
9/10/25,Winslow - Checking *2917,Check,Cost of Goods Sold,Beverage Expense,Beverage Expense,13198 Polar Bear,($286.10),Amber,Operating expense  check supporting document; validate correct P&L classification.,Y
9/10/25,Winslow - Checking *2917,Deposit,Food & Beverage Sales,Food & Beverage Sales,Gross Receipts,"Deposits, Orig CO Name:SHIFT4","$2,610.14 ",Green,Revenue/Deposit  no concerns; aligns with operating activity.,
9/10/25,Winslow - Checking *2917,Electronic Withdrawal,Labor Expense,ADP - Pay-by-Pay,ADP - Pay-by-Pay,Orig CO Name: ADP Pay-By-Pay Orig ID:9555555505 Desc Date:250910 CO Entry Descr:Pay-By-Pay Sec:CCD Trace#:021000025801458 Eed:250910 Ind ID:939936337226Gjo Ind Name:243 E 14th Cafe Inc th 304287687 Trn:2525801458Tc,($161.90),Amber,Recurring labor cost  verify payroll details; monitor for trend.,Y
9/10/25,Winslow - Checking *2917,Electronic Withdrawal,Labor Expense,ADP - Tax,ADP - Tax,Orig CO Name: ADP Tax Orig ID:1223006057 Desc Date:250910 CO Entry Descr:ADP Tax Sec:CCD Trace#:021000028768337 Eed:250910 Ind ID:Lugjo 3938941Vv Ind Name:243 E 14th Cafe Inc Trn:2538768337Tc,"($5,604.68)",Amber,Operating expense  check supporting document; validate correct P&L classification.,Y
9/11/25,Winslow - Checking *2917,Deposit,Food & Beverage Sales,Food & Beverage Sales,Gross Receipts,"Deposits, Orig CO Name:SHIFT4","$1,804.70 ",Green,Revenue/Deposit  no concerns; aligns with operating activity.,
9/12/25,Winslow - Checking *2917,Deposit,Food & Beverage Sales,Food & Beverage Sales,Gross Receipts,"Deposits, Orig CO Name:SHIFT4","$2,405.25 ",Green,Revenue/Deposit  no concerns; aligns with operating activity.,
9/12/25,Winslow - Checking *2917,Deposit,Other Expense,Marketing/Advertising,Uncategorized Income,"Advertising/Promotion:Charitable, Online Transfer from CHK",$150.00 ,Red,Revenue/Deposit  no concerns; aligns with operating activity.,
9/12/25,Winslow - Checking *2917,Electronic Withdrawal,Labor Expense,ADP - Payroll Fees,ADP - Payroll Fees,Orig CO Name: ADP Payroll Fees Orig ID:9659605001 Desc Date:250912 CO Entry Descr:ADP Fees Sec:CCD Trace#:021000024879544 Eed:250912 Ind ID:790078576647 Ind Name:699615445243 E 14th CA Trn:2554879544Tc,($72.98),Amber,Recurring labor cost  verify payroll details; monitor for trend.,Y
9/12/25,Winslow - Checking *2917,Electronic Withdrawal,Other Expense,Marketing/Advertising,Marketing/Advertising,Orig CO Name: Seated - New Gue Orig ID:4270465600 Desc Date: CO Entry Descr:Seated- Disec:Web Trace#:111000022436303 Eed:250912 Ind ID:St-U2E9H5R7I6B7 Ind Name:The Winslow Trn:2542436303Tc,($335.49),Amber,Operating expense  check supporting document; validate correct P&L classification.,Y
9/12/25,Winslow - Checking *2917,Electronic Withdrawal,Other Expense,Music/DJ,Music/DJ,Music/Enterntainment - Zach Sobel Music,($414.00),Amber,Operating expense  check supporting document; validate correct P&L classification.,Y
9/12/25,Winslow - Checking *2917,Electronic Withdrawal,Other Expense,Uncategorized Expense,Uncategorized Expense,Orig CO Name: Shift4 Orig ID:1731435739 Desc Date:250911 CO Entry Descr:Chg Backs Sec:CCD Trace#:011500122436305 Eed:250912 Ind ID:068880021774459 Ind Name:The Winslow Trn:2542436305Tc,($82.12),Red,Unusual or unclear transaction  confirm business purpose and obtain supporting documents.,
9/13/25,Winslow - Checking *2917,Deposit,Food & Beverage Sales,Food & Beverage Sales,Gross Receipts,"Deposits, Orig CO Name:SHIFT4","$5,213.09 ",Green,Revenue/Deposit  no concerns; aligns with operating activity.,
9/15/25,Winslow - Checking *2917,Deposit,Food & Beverage Sales,Food & Beverage Sales,Gross Receipts,"Deposits, Orig CO Name:SHIFT4","$6,280.35 ",Green,Revenue/Deposit  no concerns; aligns with operating activity.,
9/15/25,Winslow - Checking *2917,Deposit,Food & Beverage Sales,Food & Beverage Sales,Gross Receipts,"Deposits, Orig CO Name:SHIFT4","$13,591.53 ",Green,Revenue/Deposit  no concerns; aligns with operating activity.,
9/15/25,Winslow - Checking *2917,Electronic Withdrawal,Cost of Goods Sold,Beverage Expense,Beverage Expense,Orig CO Name: SGWS of NYC Orig ID:0008235758 Desc Date:250914 CO Entry Descr:3056254171 Sec:Web Trace#:021000024204627 Eed:250915 Ind Name:Mark Tafoya Trn:2584204627Tc,"($4,504.82)",Amber,Operating expense  check supporting document; validate correct P&L classification.,Y
9/15/25,Winslow - Checking *2917,Electronic Withdrawal,Cost of Goods Sold,Beverage Expense,Beverage Expense,Orig CO Name: Empire Merchants Orig ID:8263863381 Desc Date: CO Entry Descr:J2646 Rcur Sec:CCD Trace#:111000024204624 Eed:250915 Ind Name:243 E 14th Cafe Inc Trn:2584204624Tc,"($3,269.19)",Amber,Operating expense  check supporting document; validate correct P&L classification.,Y
9/15/25,Winslow - Checking *2917,Electronic Withdrawal,Cost of Goods Sold,Beverage Expense,Beverage Expense,Orig CO Name: Union Beer Distr Orig ID:9113310559 Desc Date: CO Entry Descr:Invoices Sec:CCD Trace#:021303612667540 Eed:250915 Ind Name:The Winslow Trn:2582667540Tc,"($1,157.93)",Amber,Operating expense  check supporting document; validate correct P&L classification.,Y
9/15/25,Winslow - Checking *2917,Electronic Withdrawal,Cost of Goods Sold,Beverage Expense,Beverage Expense,Orig CO Name: Anheuser Busch N Orig ID:9431510617 Desc Date: CO Entry Descr:Invoices Sec:CCD Trace#:021303612667542 Eed:250915 Ind Name:The Winslow Trn:2582667542Tc,($883.00),Amber,Operating expense  check supporting document; validate correct P&L classification.,Y
9/15/25,Winslow - Checking *2917,Electronic Withdrawal,Cost of Goods Sold,Food Expense,Food Expense,Orig CO Name: Baldor Specialty Orig ID:1800948598 Desc Date: CO Entry Descr:Baldor Spesec:Web Trace#:091000014204622 Eed:250915 Ind ID:St-X6F0X3G3Q0F9 Ind Name:The Winslow Trn:2584204622Tc,"($1,633.09)",Amber,Operating expense  check supporting document; validate correct P&L classification.,Y
9/15/25,Winslow - Checking *2917,Electronic Withdrawal,Fixed Expense,Professional Services,Professional Services,"Zelle Payment To Mike Mangan, Accounting",($600.00),Amber,Fixed recurring expense  ensure proper invoice and coding.,Y
9/15/25,Winslow - Checking *2917,Electronic Withdrawal,Other Expense,Loan Repayment,Loan Repayment,Orig CO Name: SBA Loan Orig ID:7300000104 Desc Date:250912 CO Entry Descr:Payment Sec:CCD Trace#:041036042257792 Eed:250915 Ind ID:0000 Ind Name:The Winslow ACH Transaction Trn:2552257792Tc,($800.00),Amber,Operating expense  check supporting document; validate correct P&L classification.,Y
9/15/25,Winslow - Checking *2917,Electronic Withdrawal,Other Expense,Music/DJ,Music/DJ,"Music/Entertainment, Navigator entertainment",($700.00),Amber,Operating expense  check supporting document; validate correct P&L classification.,Y
9/15/25,Winslow - Checking *2917,Electronic Withdrawal,Other Expense,Music/DJ,Music/DJ,"Music/Entertainment, Alex Miller",($150.00),Amber,Operating expense  check supporting document; validate correct P&L classification.,Y
9/15/25,Winslow - Checking *2917,Electronic Withdrawal,Other Expense,Music/DJ,Music/DJ,"Music/Entertainment, Dave Music",($150.00),Amber,Operating expense  check supporting document; validate correct P&L classification.,Y
9/16/25,Winslow - Checking *2917,Deposit,Food & Beverage Sales,Food & Beverage Sales,Gross Receipts,"Deposits, Orig CO Name:SHIFT4","$7,343.65 ",Green,Revenue/Deposit  no concerns; aligns with operating activity.,
9/16/25,Winslow - Checking *2917,Electronic Withdrawal,Cost of Goods Sold,Beverage Expense,Beverage Expense,Orig CO Name: Manhattan Beer D Orig ID:1139118000 Desc Date: CO Entry Descr:Manhattan Sec:CCD Trace#:021000024480672 Eed:250916 Ind Name:243 E 14th Cafe Inc th Trn:2594480672Tc,"($4,581.70)",Amber,Operating expense  check supporting document; validate correct P&L classification.,Y
9/16/25,Winslow - Checking *2917,Electronic Withdrawal,Cost of Goods Sold,Food Expense,Food Expense,Orig CO Name: Woolco Foods Orig ID:2331201470 Desc Date: CO Entry Descr:Bank Sweep Sec:Web Trace#:104000011033312 Eed:250916 Ind Name:Winslow Pub & Restaura Trn:2581033312Tc,"($2,182.94)",Amber,Operating expense  check supporting document; validate correct P&L classification.,Y
9/16/25,Winslow - Checking *2917,Electronic Withdrawal,Labor Expense,ADP - Wage Pay,ADP - Wage Pay,Orig CO Name: ADP Wage Pay Orig ID:9333006057 Desc Date:250916 CO Entry Descr:Wage Pay Sec:CCD Trace#:021000021666543 Eed:250916 Ind Name:243 E 14th Cafe Inc th 323298036 Trn:2591666543Tc,"($12,358.39)",Amber,Recurring labor cost  verify payroll details; monitor for trend.,Y
9/16/25,Winslow - Checking *2917,Electronic Withdrawal,Labor Expense,ADP - Tax,ADP - Tax,Orig CO Name: ADP Tax Orig ID:1223006057 Desc Date:250916 CO Entry Descr:ADP Tax Sec:CCD Trace#:021000024346064 Eed:250916 Ind ID:Lugjo 091736A01 Ind Name:243 E 14th Cafe Inc Trn:2594346064Tc,"($5,203.21)",Amber,Operating expense  check supporting document; validate correct P&L classification.,Y
9/17/25,Winslow - Checking *2917,Deposit,Food & Beverage Sales,Food & Beverage Sales,Gross Receipts,"Deposits, Orig CO Name:SHIFT4","$3,535.26 ",Green,Revenue/Deposit  no concerns; aligns with operating activity.,
9/17/25,Winslow - Checking *2917,Electronic Withdrawal,Other Expense,Utilities,Utilities,Orig CO Name: Con Ed of NY Orig ID:2462467002 Desc Date:250915 CO Entry Descr:Cecony Sec:CCD Trace#:021000023530544 Eed:250917 Ind ID:13883400007 Ind Name:243 E14 Cafe Inc. Trn:2593530544Tc,"($4,266.37)",Amber,Fixed recurring expense  ensure proper invoice and coding.,Y
9/17/25,Winslow - Checking *2917,Electronic Withdrawal,Labor Expense,ADP - Pay-by-Pay,ADP - Pay-by-Pay,Orig CO Name: ADP Pay-By-Pay Orig ID:9555555505 Desc Date:250917 CO Entry Descr:Pay-By-Pay Sec:CCD Trace#:021000023530546 Eed:250917 Ind Name:243 E 14th Cafe Inc th 304287687 Trn:2593530546Tc,($147.74),Amber,Recurring labor cost  verify payroll details; monitor for trend.,Y
9/18/25,Winslow - Checking *2917,Deposit,Food & Beverage Sales,Food & Beverage Sales,Gross Receipts,"Deposits, Orig CO Name:SPICETECH LLC",$187.27 ,Green,Revenue/Deposit  no concerns; aligns with operating activity.,
9/18/25,Winslow - Checking *2917,Deposit,Food & Beverage Sales,Food & Beverage Sales,Gross Receipts,"Deposits, Orig CO Name:SHIFT4","$5,355.06 ",Green,Revenue/Deposit  no concerns; aligns with operating activity.,
9/18/25,Winslow - Checking *2917,Electronic Withdrawal,Labor Expense,ADP - Wage Pay,ADP - Wage Pay,Orig CO Name: ADP Wage Pay Orig ID:9333006057 Desc Date:250918 CO Entry Descr:Wage Pay Sec:CCD Trace#:021000021368765 Eed:250918 Ind Name:243 E 14th Cafe Inc th 323298036 Trn:2611368765Tc,($400.33),Amber,Recurring labor cost  verify payroll details; monitor for trend.,Y
9/19/25,Winslow - Checking *2917,Check,Taxes,Taxes & Licenses,Taxes & Licenses,13200 NYC Finance Commissioner,($80.00),Amber,Operating expense  check supporting document; validate correct P&L classification.,Y
9/19/25,Winslow - Checking *2917,Deposit,Event/Gin Club/Other Sales,Event/Gin Club/Other Sales,Event/Gin Club/Other Sales,"Deposits, REMOTE ONLINE DEPOSIT #1",$420.00 ,Green,Revenue/Deposit  no concerns; aligns with operating activity.,
9/19/25,Winslow - Checking *2917,Deposit,Food & Beverage Sales,Food & Beverage Sales,Gross Receipts,"Deposits, Orig CO Name:SHIFT4","$2,766.05 ",Green,Revenue/Deposit  no concerns; aligns with operating activity.,
9/19/25,Winslow - Checking *2917,Electronic Withdrawal,Other Expense,Internet/Phone/TV,Internet/Phone/TV,Orig CO Name: Verizon Wireless Orig ID:7223344794 Desc Date:250919 CO Entry Descr:Payments Sec:PPD Trace#:021000022065580 Eed:250919 Ind Name:0000000078631313300001 Trn:2622065580Tc,($245.71),Amber,Fixed recurring expense  ensure proper invoice and coding.,Y
9/19/25,Winslow - Checking *2917,Electronic Withdrawal,Labor Expense,ADP - Payroll Fees,ADP - Payroll Fees,Orig CO Name: ADP Payroll Fees Orig ID:9659605001 Desc Date:250919 CO Entry Descr:ADP Fees Sec:CCD Trace#:021000020119414 Eed:250919 Ind Name:700162466243 E 14th CA Trn:2620119414Tc,($82.98),Amber,Recurring labor cost  verify payroll details; monitor for trend.,Y
9/19/25,Winslow - Checking *2917,Electronic Withdrawal,Other Expense,Marketing/Advertising,Marketing/Advertising,Orig CO Name: Seated - New Gue Orig ID:1800948598 Desc Date: CO Entry Descr:Seated- Disec:Web Trace#:091000010888345 Eed:250919 Ind Name:The Winslow Trn:2610888345Tc,($305.03),Amber,Operating expense  check supporting document; validate correct P&L classification.,Y
9/20/25,Winslow - Checking *2917,Deposit,Food & Beverage Sales,Food & Beverage Sales,Gross Receipts,"Deposits, Orig CO Name:SHIFT4","$9,147.90 ",Green,Revenue/Deposit  no concerns; aligns with operating activity.,
9/22/25,Winslow - Checking *2917,Check,Cost of Goods Sold,Beverage Expense,Beverage Expense,13206 Polar Bear,($172.00),Amber,Operating expense  check supporting document; validate correct P&L classification.,Y
9/22/25,Winslow - Checking *2917,Check,Cost of Goods Sold,Food Expense,Food Expense,13205 WE,($165.90),Amber,Operating expense  check supporting document; validate correct P&L classification.,Y
9/22/25,Winslow - Checking *2917,Check,Cost of Goods Sold,Food Expense,Food Expense,13208 Pat Lafreida,"($2,103.27)",Amber,Operating expense  check supporting document; validate correct P&L classification.,Y
9/22/25,Winslow - Checking *2917,Check,Other Expense,Charitable Contributions,Charitable Contributions,13152 The Bridge,($44.80),Amber,Operating expense  check supporting document; validate correct P&L classification.,Y
9/22/25,Winslow - Checking *2917,Deposit,Food & Beverage Sales,Food & Beverage Sales,Gross Receipts,"Deposits, Orig CO Name:SHIFT4","$14,366.64 ",Green,Revenue/Deposit  no concerns; aligns with operating activity.,
9/22/25,Winslow - Checking *2917,Deposit,Food & Beverage Sales,Food & Beverage Sales,Gross Receipts,"Deposits, Orig CO Name:SHIFT4","$10,747.09 ",Green,Revenue/Deposit  no concerns; aligns with operating activity.,
9/22/25,Winslow - Checking *2917,Electronic Withdrawal,Cost of Goods Sold,Beverage Expense,Beverage Expense,Orig CO Name: Redbull US Eipp Orig ID:3300480328 Desc Date:092125 CO Entry Descr:Vendor Pmt Sec:CCD Trace#:091000013021168 Eed:250922 Ind Name:Mark Tafoya Trn:2653021168Tc,($172.80),Amber,Operating expense  check supporting document; validate correct P&L classification.,Y
9/22/25,Winslow - Checking *2917,Electronic Withdrawal,Other Expense,Music/DJ,Music/DJ,"Music/Entertainment, Navigator entertainment",($700.00),Amber,Operating expense  check supporting document; validate correct P&L classification.,Y
9/22/25,Winslow - Checking *2917,Electronic Withdrawal,Other Expense,Music/DJ,Music/DJ,"Music/Entertainment, Rodney Flood",($150.00),Amber,Operating expense  check supporting document; validate correct P&L classification.,Y
9/22/25,Winslow - Checking *2917,Electronic Withdrawal,Other Expense,Music/DJ,Music/DJ,"Music/Entertainment, Brian Music",($150.00),Amber,Operating expense  check supporting document; validate correct P&L classification.,Y
9/22/25,Winslow - Checking *2917,Electronic Withdrawal,Taxes,Taxes & Licenses,Taxes & Licenses,Orig CO Name: NYS DTF Sales Orig ID:O146013200 Desc Date: CO Entry Descr:Tax Paymnt Sec:CCD Trace#:091000013270374 Eed:250922 Ind Name:Sw2505305577 Trn:2623270374Tc,"($10,072.41)",Amber,Operating expense  check supporting document; validate correct P&L classification.,Y
9/23/25,Winslow - Checking *2917,Check,Cost of Goods Sold,Beverage Expense,Beverage Expense,13204 Park Street Imports,($204.00),Amber,Operating expense  check supporting document; validate correct P&L classification.,Y
9/23/25,Winslow - Checking *2917,Check,Cost of Goods Sold,Supplies & Packaging Expense,Supplies & Packaging Expense,13207 Coast,($491.10),Amber,Operating expense  check supporting document; validate correct P&L classification.,Y
9/23/25,Winslow - Checking *2917,Deposit,Food & Beverage Sales,Food & Beverage Sales,Gross Receipts,"Deposits, Orig CO Name:SHIFT4","$8,788.36 ",Green,Revenue/Deposit  no concerns; aligns with operating activity.,
9/23/25,Winslow - Checking *2917,Electronic Withdrawal,Labor Expense,ADP - Tax,ADP - Tax,Orig CO Name: ADP Tax Orig ID:1223006057 Desc Date:250923 CO Entry Descr:ADP Tax Sec:CCD Trace#:021000021939764 Eed:250923 Ind ID:Lugjo 092437A01 Ind Name:243 E 14th Cafe Inc Trn:2661939764Tc,"($5,932.21)",Amber,Recurring labor cost  verify payroll details; monitor for trend.,Y
9/23/25,Winslow - Checking *2917,Electronic Withdrawal,Labor Expense,ADP - Wage Pay,ADP - Wage Pay,Orig CO Name: ADP Wage Pay Orig ID:9333006057 Desc Date:250923 CO Entry Descr:Wage Pay Sec:CCD Trace#:021000029700581 Eed:250923 Ind Name:243 E 14th Cafe Inc th Trn:2669700581Tc,"($13,505.62)",Amber,Recurring labor cost  verify payroll details; monitor for trend.,Y
9/23/25,Winslow - Checking *2917,Electronic Withdrawal,Other Expense,Music/DJ,Music/DJ,"Music/Entertainment, Madeline Music",($60.00),Amber,Operating expense  check supporting document; validate correct P&L classification.,Y
9/23/25,Winslow - Checking *2917,Electronic Withdrawal,Other Expense,Uncategorized Expense,Uncategorized Expense,Orig CO Name: Shift4 Orig ID:1731435739 Desc Date:250922 CO Entry Descr:Chg Backs Sec:CCD Trace#:011500123297771 Eed:250923 Ind Name:The Winslow Trn:2653297771Tc,($120.43),Red,Unusual or unclear transaction  confirm business purpose and obtain supporting documents.,
9/24/25,Winslow - Checking *2917,Deposit,Food & Beverage Sales,Food & Beverage Sales,Gross Receipts,"Deposits, Orig CO Name:SHIFT4","$4,431.17 ",Green,Revenue/Deposit  no concerns; aligns with operating activity.,
9/24/25,Winslow - Checking *2917,Electronic Withdrawal,Other Expense,Internet/Phone/TV,Internet/Phone/TV,Orig CO Name: T-Mobile Orig ID:0000450304 Desc Date:250924 CO Entry Descr:Pcs Svc Sec:Web Trace#:021000020107810 Eed:250924 Ind Name:Mark Tafoya Trn:2670107810Tc,($176.08),Amber,Fixed recurring expense  ensure proper invoice and coding.,Y
9/24/25,Winslow - Checking *2917,Electronic Withdrawal,Labor Expense,ADP - Pay-by-Pay,ADP - Pay-by-Pay,Orig CO Name: ADP Pay-By-Pay Orig ID:9555555505 Desc Date:250924 CO Entry Descr:Pay-By-Pay Sec:CCD Trace#:021000020732692 Eed:250924 Ind Name:243 E 14th Cafe Inc th Trn:2660732692Tc,($139.80),Amber,Recurring labor cost  verify payroll details; monitor for trend.,Y
9/24/25,Winslow - Checking *2917,Electronic Withdrawal,Cost of Goods Sold,Beverage Expense,Beverage Expense,Orig CO Name: MHW Ltd Orig ID:5330903620 Desc Date:250922 CO Entry Descr:ACH Sec:Web Trace#:242071750732694 Eed:250924 Ind Name:Mark Tafoya Trn:2660732694Tc,($274.68),Amber,Operating expense  check supporting document; validate correct P&L classification.,Y
9/24/25,Winslow - Checking *2917,Electronic Withdrawal,Other Expense,Music/DJ,Music/DJ,"Music/Entertainment, Rodney Flood",($150.00),Amber,Operating expense  check supporting document; validate correct P&L classification.,Y
9/24/25,Winslow - Checking *2917,Electronic Withdrawal,Other Expense,Music/DJ,Music/DJ,"Music/Entertainment, Alex Miller Music",($150.00),Amber,Operating expense  check supporting document; validate correct P&L classification.,Y
9/25/25,Winslow - Checking *2917,Deposit,Food & Beverage Sales,Food & Beverage Sales,Gross Receipts,"Deposits, Orig CO Name:SHIFT4","$1,658.75 ",Green,Revenue/Deposit  no concerns; aligns with operating activity.,
9/25/25,Winslow - Checking *2917,Electronic Withdrawal,Cost of Goods Sold,Beverage Expense,Beverage Expense,Orig CO Name: Montauk Distilli Orig ID:9215986202 Desc Date:250925 CO Entry Descr:Sale Sec:CCD Trace#:021000025715017 Eed:250925 Ind Name:The Winslow Trn:2675715017Tc,($540.00),Amber,Operating expense  check supporting document; validate correct P&L classification.,Y
9/26/25,Winslow - Checking *2917,Check,Fixed Expense,Rent/Lease,Rent/Lease,13201 Marisol RE,"($20,000.00)",Amber,Fixed recurring expense  ensure proper invoice and coding.,Y
9/26/25,Winslow - Checking *2917,Deposit,Event/Gin Club/Other Sales,Event/Gin Club/Other Sales,Event/Gin Club/Other Sales,"Deposits, REMOTE ONLINE DEPOSIT #1","$2,125.00 ",Green,Revenue/Deposit  no concerns; aligns with operating activity.,
9/26/25,Winslow - Checking *2917,Deposit,Food & Beverage Sales,Food & Beverage Sales,Gross Receipts,"Deposits, Orig CO Name:SHIFT4","$2,967.49 ",Green,Revenue/Deposit  no concerns; aligns with operating activity.,
9/26/25,Winslow - Checking *2917,Deposit,Event/Gin Club/Other Sales,Event/Gin Club/Other Sales,Event/Gin Club/Other Sales,"Shareholder Distributions, Online Transfer from CHK",$450.00 ,Green,Revenue/Deposit  no concerns; aligns with operating activity.,
9/26/25,Winslow - Checking *2917,Electronic Withdrawal,Labor Expense,ADP - Payroll Fees,ADP - Payroll Fees,Orig CO Name: ADP Payroll Fees Orig ID:9659605001 Desc Date:250926 CO Entry Descr:ADP Fees Sec:CCD Trace#:021000026820922 Eed:250926 Ind Name:700619642243 E 14th CA Trn:2696820922Tc,($80.65),Amber,Recurring labor cost  verify payroll details; monitor for trend.,Y
9/26/25,Winslow - Checking *2917,Electronic Withdrawal,Other Expense,Marketing/Advertising,Marketing/Advertising,Orig CO Name: Seated - New Gue Orig ID:4270465600 Desc Date: CO Entry Descr:Seated- Disec:Web Trace#:111000024485135 Eed:250926 Ind Name:The Winslow Trn:2684485135Tc,($347.19),Amber,Operating expense  check supporting document; validate correct P&L classification.,Y
9/27/25,Winslow - Checking *2917,Deposit,Food & Beverage Sales,Food & Beverage Sales,Gross Receipts,"Deposits, Orig CO Name:SHIFT4","$6,827.29 ",Green,Revenue/Deposit  no concerns; aligns with operating activity.,
9/29/25,Winslow - Checking *2917,Deposit,Food & Beverage Sales,Food & Beverage Sales,Gross Receipts,"Deposits, Orig CO Name:SHIFT4","$13,676.21 ",Green,Revenue/Deposit  no concerns; aligns with operating activity.,
9/29/25,Winslow - Checking *2917,Deposit,Food & Beverage Sales,Food & Beverage Sales,Gross Receipts,"Deposits, Orig CO Name:SHIFT4","$5,515.62 ",Green,Revenue/Deposit  no concerns; aligns with operating activity.,
9/29/25,Winslow - Checking *2917,Electronic Withdrawal,Other Expense,Music/DJ,Music/DJ,"Music/Entertainment, Navigator entertainment",($700.00),Amber,Operating expense  check supporting document; validate correct P&L classification.,Y
9/29/25,Winslow - Checking *2917,Electronic Withdrawal,Other Expense,Music/DJ,Music/DJ,"Music/Entertainment, Rodney Flood",($150.00),Amber,Operating expense  check supporting document; validate correct P&L classification.,Y
9/29/25,Winslow - Checking *2917,Electronic Withdrawal,Other Expense,Music/DJ,Music/DJ,"Music/Entertainment, Brian Halloran",($150.00),Amber,Operating expense  check supporting document; validate correct P&L classification.,Y
9/29/25,Winslow - Checking *2917,Electronic Withdrawal,Other Expense,Music/DJ,Music/DJ,"Music/Entertainment, Alexa",($300.00),Amber,Operating expense  check supporting document; validate correct P&L classification.,Y
9/30/25,Winslow - Checking *2917,Check,Fixed Expense,Equipment Rental,Equipment Rental,13202 Ware Washing,($794.51),Amber,Fixed recurring expense  ensure proper invoice and coding.,Y
9/30/25,Winslow - Checking *2917,Deposit,Food & Beverage Sales,Food & Beverage Sales,Gross Receipts,"Deposits, Orig CO Name:SHIFT4","$7,107.87 ",Green,Revenue/Deposit  no concerns; aligns with operating activity.,
9/30/25,Winslow - Checking *2917,Electronic Withdrawal,Labor Expense,ADP - Wage Pay,ADP - Wage Pay,Orig CO Name: ADP Wage Pay Orig ID:9333006057 Desc Date:250930 CO Entry Descr:Wage Pay Sec:CCD Trace#:021000028203524 Eed:250930 Ind Name:243 E 14th Cafe Inc th Trn:2738203524Tc,"($13,188.76)",Amber,Recurring labor cost  verify payroll details; monitor for trend.,Y
9/30/25,Winslow - Checking *2917,Electronic Withdrawal,Labor Expense,ADP - Tax,ADP - Tax,Orig CO Name: ADP Tax Orig ID:1223006057 Desc Date:250930 CO Entry Descr:ADP Tax Sec:CCD Trace#:021000021481002 Eed:250930 Ind ID:Lugjo,"($5,264.67)",Amber,Operating expense  check supporting document; validate correct P&L classification.,Y
10/1/25,Winslow - Checking *2917,Deposit,Food & Beverage Sales,Food & Beverage Sales,Gross Receipts,ORIG CO NAME:SHIFT4 ORIG ID:1731435739 DESC DATE:250930 CO ENTRY DESCR:PYMT PROC SEC:CCD TRACE#:011500120613761 EED:251001 IND ID:068880021774459 IND NAME:THE WINSLOW TRN: 2730613761TC,"$3,057.06 ",Green,Revenue/Deposit  no concerns; aligns with operating activity.,
10/1/25,Winslow - Checking *2917,Electronic Withdrawal,Other Expense,Entertainment/Trivia,Entertainment/Trivia,Zelle payment to Trivia NYC 26430690019,($700.00),Amber,Operating expense  check supporting document; validate correct P&L classification.,Y
10/1/25,Winslow - Checking *2917,Electronic Withdrawal,Labor Expense,ADP - Pay-by-Pay,ADP - Pay-by-Pay,ORIG CO NAME:ADP PAY-BY-PAY ORIG ID:9555555505 DESC DATE:251001 CO ENTRY DESCR:PAY-BY-PAYSEC:CCD TRACE#:021000021748684 EED:251001 IND ID:935637825672GJO IND NAME:243 E 14TH CAFE INC TH 304287687 TRN: 2731748684TC,($163.06),Amber,Recurring labor cost  verify payroll details; monitor for trend.,Y
10/1/25,Winslow - Checking *2917,Electronic Withdrawal,Event/Gin Club/Other Sales,Event/Gin Club/Other Sales,Event/Gin Club/Other Sales,ORIG CO NAME:PULSD INC. ORIG ID:1204895317 DESC DATE: CO ENTRY DESCR:Bill.com SEC:PPD TRACE#:121140390613758 EED:251001 IND ID:016MHKZDD3VGWCY IND NAME:Mark Tafoya PULSD INC. Bill.com 016MHKZDD 3VGWCY Inv #6264816-09252025094253 TRN: 2730613758TC,$52.00 ,Green,Unusual or unclear transaction  confirm business purpose and obtain supporting documents.,Event Revenue
10/2/25,Winslow - Checking *2917,Deposit,Food & Beverage Sales,Food & Beverage Sales,Gross Receipts,ORIG CO NAME:SHIFT4 ORIG ID:1731435739 DESC DATE:251001 CO ENTRY DESCR:PYMT PROC SEC:CCD TRACE#:011500129491709 EED:251002 IND ID:068880021774459 IND NAME:THE WINSLOW TRN: 2759491709TC,"$2,454.10 ",Green,Revenue/Deposit  no concerns; aligns with operating activity.,
10/2/25,Winslow - Checking *2917,Electronic Withdrawal,Cost of Goods Sold,Food Expense,Food Expense,ORIG CO NAME:WOOLCO FOODS ORIG ID:2331201470 DESC DATE: CO ENTRY DESCR:BANK SWEEPSEC:WEB TRACE#:104000014921723 EED:251002 IND ID:FT398285528 IND NAME:WINSLOW PUB & RESTAURA TRN: 2744921723TC,"($1,996.29)",Amber,Operating expense  check supporting document; validate correct P&L classification.,Y
10/2/25,Winslow - Checking *2917,Electronic Withdrawal,Cost of Goods Sold,Food Expense,Food Expense,ORIG CO NAME:Baldor specialty ORIG ID:1800948598 DESC DATE: CO ENTRY DESCR:Baldor speSEC:WEB TRACE#:091000014921728 EED:251002 IND ID:ST-K8V2F1D0Q7U2 IND NAME:THE WINSLOW TRN: 2744921728TC,"($2,897.53)",Amber,Operating expense  check supporting document; validate correct P&L classification.,Y
10/2/25,Winslow - Checking *2917,Electronic Withdrawal,Cost of Goods Sold,Beverage Expense,Beverage Expense,ORIG CO NAME:UNION BEER DISTR ORIG ID:9113310559 DESC DATE: CO ENTRY DESCR:INVOICES SEC:CCD TRACE#:021303614921734 EED:251002 IND ID:FMTHI10/01/25 IND NAME:THE WINSLOW 345199 TRN: 2744921734TC,"($1,727.53)",Amber,Operating expense  check supporting document; validate correct P&L classification.,Y
10/2/25,Winslow - Checking *2917,Electronic Withdrawal,Cost of Goods Sold,Beverage Expense,Beverage Expense,ORIG CO NAME:Manhattan Beer D ORIG ID:1139118000 DESC DATE: CO ENTRY DESCR:Manhattan SEC:CCD TRACE#:021000021489367 EED:251002 IND ID:FT398276721 IND NAME:243 E. 14th cafe incTh TRN: 2751489367TC,"($5,243.60)",Amber,Operating expense  check supporting document; validate correct P&L classification.,Y
10/2/25,Winslow - Checking *2917,Electronic Withdrawal,Cost of Goods Sold,Beverage Expense,Beverage Expense,ORIG CO NAME:ANHEUSER BUSCH N ORIG ID:9431510617 DESC DATE: CO ENTRY DESCR:INVOICES SEC:CCD TRACE#:021303614921736 EED:251002 IND ID:N185610/01/25 IND NAME:THE WINSLOW 198493 TRN: 2744921736TC,"($1,230.00)",Amber,Operating expense  check supporting document; validate correct P&L classification.,Y
10/2/25,Winslow - Checking *2917,Electronic Withdrawal,Cost of Goods Sold,Beverage Expense,Beverage Expense,ORIG CO NAME:SGWS of NYC ORIG ID:0008235758 DESC DATE:251001 CO ENTRY DESCR:3056254171SEC:WEB TRACE#:021000024921730 EED:251002 IND ID: IND NAME:Mark Tafoya 2642701929314 TRN: 2744921730TC,"($1,351.45)",Amber,Operating expense  check supporting document; validate correct P&L classification.,Y
10/2/25,Winslow - Checking *2917,Electronic Withdrawal,Cost of Goods Sold,Beverage Expense,Beverage Expense,ORIG CO NAME:EMPIRE MERCHANTS ORIG ID:8263863381 DESC DATE: CO ENTRY DESCR:J2663 RCURSEC:CCD TRACE#:111000024921725 EED:251002 IND ID:CZ10000JKZANC IND NAME:243 E 14TH CAFE INC TRN*1*CZ10000JKZANC\RMR*IK*EMPIRE M ERCHANTS NY\ TRN: 2744921725TC,"($1,065.34)",Amber,Operating expense  check supporting document; validate correct P&L classification.,Y
10/2/25,Winslow - Checking *2917,Electronic Withdrawal,Other Expense,Uncategorized Expense,Uncategorized Expense,ORIG CO NAME:Shift4 ORIG ID:1465216257 DESC DATE: CO ENTRY DESCR:Shift4 SEC:CCD TRACE#:091000014921732 EED:251002 IND ID:I25100160223 IND NAME:638049 THE WINSLOW EDI TRN: 2744921732TC,($201.99),Red,Unusual or unclear transaction  confirm business purpose and obtain supporting documents.,
10/2/25,Winslow - Checking *2917,Electronic Withdrawal,Other Expense,Uncategorized Expense,Uncategorized Expense,ORIG CO NAME:SHIFT4 ORIG ID:1731435739 DESC DATE:250930 CO ENTRY DESCR:FEES SEC:CCD TRACE#:011500124921721 EED:251002 IND ID:068880021774459 IND NAME:THE WINSLOW TRN: 2744921721TC,($61.68),Red,Unusual or unclear transaction  confirm business purpose and obtain supporting documents.,
10/3/25,Winslow - Checking *2917,Deposit,Food & Beverage Sales,Food & Beverage Sales,Gross Receipts,ORIG CO NAME:SHIFT4 ORIG ID:1731435739 DESC DATE:251002 CO ENTRY DESCR:PYMT PROC SEC:CCD TRACE#:011500122662929 EED:251003 IND ID:068880021774459 IND NAME:THE WINSLOW TRN: 2752662929TC,"$4,113.48 ",Green,Revenue/Deposit  no concerns; aligns with operating activity.,
10/3/25,Winslow - Checking *2917,Electronic Withdrawal,Other Expense,Repairs & Maintenance,Repairs & Maintenance,ORIG CO NAME:MR T CARTING COR ORIG ID:1112837920 DESC DATE:100225 CO ENTRY DESCR:BT1002 SEC:CCD TRACE#:021201383992592 EED:251003 IND ID:000000336843137 IND NAME:243 E 14th cafe inc. MR TRN: 2753992592TC,"($1,000.39)",Amber,Fixed recurring expense  ensure proper invoice and coding.,Y
10/3/25,Winslow - Checking *2917,Electronic Withdrawal,Other Expense,Repairs & Maintenance,Repairs & Maintenance,ORIG CO NAME:MR T CARTING COR ORIG ID:1112837920 DESC DATE:100225 CO ENTRY DESCR:BT1002 SEC:CCD TRACE#:021201383992593 EED:251003 IND ID:000000336843462 IND NAME:243 E 14th cafe inc. MR TRN: 2753992593TC,"($1,000.39)",Amber,Fixed recurring expense  ensure proper invoice and coding.,Y
10/3/25,Winslow - Checking *2917,Electronic Withdrawal,Labor Expense,ADP - Payroll Fees,ADP - Payroll Fees,ORIG CO NAME:ADP PAYROLL FEES ORIG ID:9659605001 DESC DATE:251003 CO ENTRY DESCR:ADP FEES SEC:CCD TRACE#:021000021419762 EED:251003 IND ID:440079871811 IND NAME:701301044243 E 14TH CA 550374703 TRN: 2761419762TC,($72.98),Amber,Recurring labor cost  verify payroll details; monitor for trend.,Y
10/3/25,Winslow - Checking *2917,Electronic Withdrawal,Other Expense,Marketing/Advertising,Marketing/Advertising,ORIG CO NAME:Seated - New Gue ORIG ID:4270465600 DESC DATE: CO ENTRY DESCR:Seated- DiSEC:WEB TRACE#:111000023992595 EED:251003 IND ID:ST-T3K1Q6K7E4V3 IND NAME:THE WINSLOW TRN: 2753992595TC,($401.16),Amber,Operating expense  check supporting document; validate correct P&L classification.,Y
10/4/25,Winslow - Checking *2917,Deposit,Food & Beverage Sales,Food & Beverage Sales,Gross Receipts,ORIG CO NAME:SHIFT4 ORIG ID:1731435739 DESC DATE:251003 CO ENTRY DESCR:PYMT PROC SEC:CCD TRACE#:011500129120601 EED:251006 IND ID:068880021774459 IND NAME:THE WINSLOW TRN: 2769120601TC,"$4,713.24 ",Green,Revenue/Deposit  no concerns; aligns with operating activity.,
10/6/25,Winslow - Checking *2917,Check,Cost of Goods Sold,Uncategorized Expense,,CHECK # 13210,($473.61),Red,Unusual or unclear transaction  confirm business purpose and obtain supporting documents.,We can link this to invoice from QB
10/6/25,Winslow - Checking *2917,Deposit,Food & Beverage Sales,Food & Beverage Sales,Gross Receipts,ORIG CO NAME:SHIFT4 ORIG ID:1731435739 DESC DATE:251005 CO ENTRY DESCR:PYMT PROC SEC:CCD TRACE#:011500121406429 EED:251006 IND ID:068880021774459 IND NAME:THE WINSLOW TRN: 2791406429TC,"$6,152.84 ",Green,Revenue/Deposit  no concerns; aligns with operating activity.,
10/6/25,Winslow - Checking *2917,Deposit,Food & Beverage Sales,Food & Beverage Sales,Gross Receipts,ORIG CO NAME:SHIFT4 ORIG ID:1731435739 DESC DATE:251005 CO ENTRY DESCR:PYMT PROC SEC:CCD TRACE#:011500121406427 EED:251006 IND ID:068880021774459 IND NAME:THE WINSLOW TRN: 2791406427TC,"$9,514.61 ",Green,Revenue/Deposit  no concerns; aligns with operating activity.,
10/6/25,Winslow - Checking *2917,Electronic Withdrawal,Other Expense,Music/DJ,Music/DJ,Zelle payment to Nav 26491292562,($700.00),Amber,Operating expense  check supporting document; validate correct P&L classification.,Y
10/7/25,Winslow - Checking *2917,Deposit,Food & Beverage Sales,Food & Beverage Sales,Gross Receipts,ORIG CO NAME:SHIFT4 ORIG ID:1731435739 DESC DATE:251006 CO ENTRY DESCR:PYMT PROC SEC:CCD TRACE#:011500128237916 EED:251007 IND ID:068880021774459 IND NAME:THE WINSLOW TRN: 2798237916TC,"$6,692.19 ",Green,Revenue/Deposit  no concerns; aligns with operating activity.,
10/7/25,Winslow - Checking *2917,Electronic Withdrawal,Labor Expense,ADP - Tax,ADP - Tax,ORIG CO NAME:ADP Tax ORIG ID:1223006057 DESC DATE:251007 CO ENTRY DESCR:ADP Tax SEC:CCD TRACE#:021000023806705 EED:251007 IND ID:LUGJO 100839A01 IND NAME:243 E 14TH CAFE INC AA TRN: 2803806705TC,"($5,138.47)",Amber,Operating expense  check supporting document; validate correct P&L classification.,Y
10/7/25,Winslow - Checking *2917,Electronic Withdrawal,Labor Expense,ADP - Wage Pay,ADP - Wage Pay,ORIG CO NAME:ADP WAGE PAY ORIG ID:9333006057 DESC DATE:251007 CO ENTRY DESCR:WAGE PAY SEC:CCD TRACE#:021000020787532 EED:251007 IND ID:927839700868GJO IND NAME:243 E 14TH CAFE INC TH 323298036 TRN: 2800787532TC,"($12,761.62)",Amber,Recurring labor cost  verify payroll details; monitor for trend.,Y
10/8/25,Winslow - Checking *2917,Deposit,Food & Beverage Sales,Food & Beverage Sales,Gross Receipts,ORIG CO NAME:SHIFT4 ORIG ID:1731435739 DESC DATE:251007 CO ENTRY DESCR:PYMT PROC SEC:CCD TRACE#:011500121156186 EED:251008 IND ID:068880021774459 IND NAME:THE WINSLOW TRN: 2801156186TC,"$2,874.14 ",Green,Revenue/Deposit  no concerns; aligns with operating activity.,
10/8/25,Winslow - Checking *2917,Deposit,Food & Beverage Sales,Food & Beverage Sales,Gross Receipts,ORIG CO NAME:SPICETECH LLC ORIG ID:1883850889 DESC DATE: CO ENTRY DESCR:REFUND SEC:CCD TRACE#:211274451156184 EED:251008 IND ID: IND NAME:The Winslow TRN: 2801156184TC,$187.27 ,Green,Revenue/Deposit  no concerns; aligns with operating activity.,
10/8/25,Winslow - Checking *2917,Electronic Withdrawal,Labor Expense,ADP - Pay-by-Pay,ADP - Pay-by-Pay,ORIG CO NAME:ADP PAY-BY-PAY ORIG ID:9555555505 DESC DATE:251008 CO ENTRY DESCR:PAY-BY-PAYSEC:CCD TRACE#:021000022250374 EED:251008 IND ID:927839700869GJO IND NAME:243 E 14TH CAFE INC TH 304287687 TRN: 2802250374TC,($157.60),Amber,Recurring labor cost  verify payroll details; monitor for trend.,Y
10/8/25,Winslow - Checking *2917,Electronic Withdrawal,Other Expense,Credit Card - Chase,Credit Card - Chase,ORIG CO NAME:CHASE CREDIT CRD ORIG ID:4760039224 DESC DATE:251007 CO ENTRY DESCR:AUTOPAYBUSSEC:PPD TRACE#:021000023382772 EED:251008 IND ID:000000000384331 IND NAME:TAFOYA MARK R TRN: 2813382772TC,"($3,984.42)",Amber,Operating expense  check supporting document; validate correct P&L classification.,Y
10/9/25,Winslow - Checking *2917,Deposit,Food & Beverage Sales,Food & Beverage Sales,Gross Receipts,ORIG CO NAME:SHIFT4 ORIG ID:1731435739 DESC DATE:251008 CO ENTRY DESCR:PYMT PROC SEC:CCD TRACE#:011500127480394 EED:251009 IND ID:068880021774459 IND NAME:THE WINSLOW TRN: 2817480394TC,"$2,511.12 ",Green,Revenue/Deposit  no concerns; aligns with operating activity.,
10/9/25,Winslow - Checking *2917,Electronic Withdrawal,Other Expense,Repairs & Maintenance,Repairs & Maintenance,Zelle payment to Matt Hill Exterminator 26526506480,($472.00),Amber,Fixed recurring expense  ensure proper invoice and coding.,Y
10/10/25,Winslow - Checking *2917,Deposit,Food & Beverage Sales,Food & Beverage Sales,Gross Receipts,ORIG CO NAME:SHIFT4 ORIG ID:1731435739 DESC DATE:251009 CO ENTRY DESCR:PYMT PROC SEC:CCD TRACE#:011500125011212 EED:251010 IND ID:068880021774459 IND NAME:THE WINSLOW TRN: 2825011212TC,"$4,349.46 ",Green,Revenue/Deposit  no concerns; aligns with operating activity.,
10/10/25,Winslow - Checking *2917,Deposit,Event/Gin Club/Other Sales,Event/Gin Club/Other Sales,Event/Gin Club/Other Sales,REMOTE ONLINE DEPOSIT # 1,$630.00 ,Green,Revenue/Deposit  no concerns; aligns with operating activity.,
10/10/25,Winslow - Checking *2917,Deposit,Event/Gin Club/Other Sales,Event/Gin Club/Other Sales,Event/Gin Club/Other Sales,REMOTE ONLINE DEPOSIT # 1,$630.00 ,Green,Revenue/Deposit  no concerns; aligns with operating activity.,
10/10/25,Winslow - Checking *2917,Electronic Withdrawal,Other Expense,Marketing/Advertising,Marketing/Advertising,ORIG CO NAME:Seated - New Gue ORIG ID:4270465600 DESC DATE: CO ENTRY DESCR:Seated- DiSEC:WEB TRACE#:111000026443593 EED:251010 IND ID:ST-L4A0K6Z2R6Z4 IND NAME:THE WINSLOW TRN: 2826443593TC,($438.74),Amber,Operating expense  check supporting document; validate correct P&L classification.,Y
10/10/25,Winslow - Checking *2917,Electronic Withdrawal,Labor Expense,ADP - Payroll Fees,ADP - Payroll Fees,ORIG CO NAME:ADP PAYROLL FEES ORIG ID:9659605001 DESC DATE:251010 CO ENTRY DESCR:ADP FEES SEC:CCD TRACE#:021000027951321 EED:251010 IND ID:931739634277 IND NAME:701983874243 E 14TH CA 550374703 TRN: 2837951321TC,($74.25),Amber,Recurring labor cost  verify payroll details; monitor for trend.,Y
10/11/25,Winslow - Checking *2917,Deposit,Food & Beverage Sales,Food & Beverage Sales,Gross Receipts,ORIG CO NAME:SHIFT4 ORIG ID:1731435739 DESC DATE:251010 CO ENTRY DESCR:PYMT PROC SEC:CCD TRACE#:011500124191075 EED:251014 IND ID:068880021774459 IND NAME:THE WINSLOW TRN: 2834191075TC,"$4,735.77 ",Green,Revenue/Deposit  no concerns; aligns with operating activity.,
10/11/25,Winslow - Checking *2917,Electronic Withdrawal,Cost of Goods Sold,Beverage Expense,Beverage Expense,ORIG CO NAME:Park Street Impo ORIG ID:1637678000 DESC DATE:251014 CO ENTRY DESCR:HIM20480 SEC:CCD TRACE#:021000025207809 EED:251014 IND ID:e72079924 IND NAME:The Winslow HIM20480 TRN: 2835207809TC,($151.50),Amber,Operating expense  check supporting document; validate correct P&L classification.,Y
10/12/25,Winslow - Checking *2917,Electronic Withdrawal,Other Expense,Music/DJ,Music/DJ,Zelle payment to RODNEY 26567238819,($150.00),Amber,Operating expense  check supporting document; validate correct P&L classification.,Y
10/12/25,Winslow - Checking *2917,Electronic Withdrawal,Other Expense,Music/DJ,Music/DJ,Zelle payment to Nav 26564900974,($700.00),Amber,Operating expense  check supporting document; validate correct P&L classification.,Y
10/12/25,Winslow - Checking *2917,Electronic Withdrawal,Other Expense,Music/DJ,Music/DJ,Zelle payment to Alex Miller 26567264969,($150.00),Amber,Operating expense  check supporting document; validate correct P&L classification.,Y
10/14/25,Winslow - Checking *2917,Check,Cost of Goods Sold,Uncategorized Expense,,CHECK # 13211,"($1,126.68)",Red,Unusual or unclear transaction  confirm business purpose and obtain supporting documents.,We can link this to invoice from QB
10/14/25,Winslow - Checking *2917,Check,Cost of Goods Sold,Uncategorized Expense,,CHECK # 13213,($256.66),Red,Unusual or unclear transaction  confirm business purpose and obtain supporting documents.,We can link this to invoice from QB
10/14/25,Winslow - Checking *2917,Check,Cost of Goods Sold,Uncategorized Expense,,CHECK # 13215,"($1,000.00)",Red,Unusual or unclear transaction  confirm business purpose and obtain supporting documents.,We can link this to invoice from QB
10/14/25,Winslow - Checking *2917,Deposit,Food & Beverage Sales,Food & Beverage Sales,Gross Receipts,ORIG CO NAME:SHIFT4 ORIG ID:1731435739 DESC DATE:251012 CO ENTRY DESCR:PYMT PROC SEC:CCD TRACE#:011500126425356 EED:251014 IND ID:068880021774459 IND NAME:THE WINSLOW TRN: 2876425356TC,"$8,086.64 ",Green,Revenue/Deposit  no concerns; aligns with operating activity.,
10/14/25,Winslow - Checking *2917,Deposit,Food & Beverage Sales,Food & Beverage Sales,Gross Receipts,ORIG CO NAME:SHIFT4 ORIG ID:1731435739 DESC DATE:251013 CO ENTRY DESCR:CHG BACKS SEC:CCD TRACE#:011500126425362 EED:251014 IND ID:068880021774459 IND NAME:THE WINSLOW TRN: 2876425362TC,$82.12 ,Green,Revenue/Deposit  no concerns; aligns with operating activity.,
10/14/25,Winslow - Checking *2917,Deposit,Food & Beverage Sales,Food & Beverage Sales,Gross Receipts,ORIG CO NAME:SHIFT4 ORIG ID:1731435739 DESC DATE:251012 CO ENTRY DESCR:PYMT PROC SEC:CCD TRACE#:011500126425358 EED:251014 IND ID:068880021774459 IND NAME:THE WINSLOW TRN: 2876425358TC,"$11,762.09 ",Green,Revenue/Deposit  no concerns; aligns with operating activity.,
10/14/25,Winslow - Checking *2917,Deposit,Food & Beverage Sales,Food & Beverage Sales,Gross Receipts,ORIG CO NAME:SHIFT4 ORIG ID:1731435739 DESC DATE:251013 CO ENTRY DESCR:PYMT PROC SEC:CCD TRACE#:011500126425360 EED:251014 IND ID:068880021774459 IND NAME:THE WINSLOW TRN: 2876425360TC,"$6,416.77 ",Green,Revenue/Deposit  no concerns; aligns with operating activity.,
10/14/25,Winslow - Checking *2917,Electronic Withdrawal,Cost of Goods Sold,Beverage Expense,Beverage Expense,ORIG CO NAME:UNION BEER DISTR ORIG ID:9113310559 DESC DATE: CO ENTRY DESCR:INVOICES SEC:CCD TRACE#:021303619284884 EED:251014 IND ID:FMTHI10/10/25 IND NAME:THE WINSLOW 345865 TRN: 2879284884TC,"($1,312.46)",Amber,Operating expense  check supporting document; validate correct P&L classification.,Y
10/14/25,Winslow - Checking *2917,Electronic Withdrawal,Cost of Goods Sold,Beverage Expense,Beverage Expense,ORIG CO NAME:Manhattan Beer D ORIG ID:1139118000 DESC DATE: CO ENTRY DESCR:Manhattan SEC:CCD TRACE#:021000029877211 EED:251014 IND ID:FT399854123 IND NAME:243 E. 14th cafe incTh TRN: 2879877211TC,"($1,087.30)",Amber,Operating expense  check supporting document; validate correct P&L classification.,Y
10/14/25,Winslow - Checking *2917,Electronic Withdrawal,Labor Expense,ADP - Wage Pay,ADP - Wage Pay,ORIG CO NAME:ADP WAGE PAY ORIG ID:9333006057 DESC DATE:251014 CO ENTRY DESCR:WAGE PAY SEC:CCD TRACE#:021000023461385 EED:251014 IND ID:938137618340GJO IND NAME:243 E 14TH CAFE INC TH 323298036 TRN: 2873461385TC,"($12,747.85)",Amber,Recurring labor cost  verify payroll details; monitor for trend.,Y
10/14/25,Winslow - Checking *2917,Electronic Withdrawal,Cost of Goods Sold,Food Expense,Food Expense,ORIG CO NAME:Baldor specialty ORIG ID:4270465600 DESC DATE: CO ENTRY DESCR:Baldor speSEC:WEB TRACE#:111000029877216 EED:251014 IND ID:ST-S9V6S1X3E8U7 IND NAME:THE WINSLOW TRN: 2879877216TC,"($1,725.98)",Amber,Operating expense  check supporting document; validate correct P&L classification.,Y
10/14/25,Winslow - Checking *2917,Electronic Withdrawal,Labor Expense,ADP - Tax,ADP - Tax,ORIG CO NAME:ADP Tax ORIG ID:1223006057 DESC DATE:251014 CO ENTRY DESCR:ADP Tax SEC:CCD TRACE#:021000027704465 EED:251014 IND ID:LUGJO 101540A01 IND NAME:243 E 14TH CAFE INC AB TRN: 2877704465TC,"($5,266.71)",Amber,Operating expense  check supporting document; validate correct P&L classification.,Y
10/14/25,Winslow - Checking *2917,Electronic Withdrawal,Cost of Goods Sold,Beverage Expense,Beverage Expense,ORIG CO NAME:EMPIRE MERCHANTS ORIG ID:8263863381 DESC DATE: CO ENTRY DESCR:J2673 RCURSEC:CCD TRACE#:111000029877213 EED:251014 IND ID:CZ10000JWYZDC IND NAME:243 E 14TH CAFE INC TRN*1*CZ10000JWYZDC\RMR*IK*EMPIRE M ERCHANTS NY\ TRN: 2879877213TC,"($1,099.90)",Amber,Operating expense  check supporting document; validate correct P&L classification.,Y
10/15/25,Winslow - Checking *2917,Check,Cost of Goods Sold,Uncategorized Expense,,CHECK # 13212,($544.30),Red,Unusual or unclear transaction  confirm business purpose and obtain supporting documents.,We can link this to invoice from QB
10/15/25,Winslow - Checking *2917,Deposit,Food & Beverage Sales,Food & Beverage Sales,Gross Receipts,ORIG CO NAME:SHIFT4 ORIG ID:1731435739 DESC DATE:251014 CO ENTRY DESCR:PYMT PROC SEC:CCD TRACE#:011500128274934 EED:251015 IND ID:068880021774459 IND NAME:THE WINSLOW TRN: 2878274934TC,"$4,154.62 ",Green,Revenue/Deposit  no concerns; aligns with operating activity.,
10/15/25,Winslow - Checking *2917,Electronic Withdrawal,Cost of Goods Sold,Beverage Expense,Beverage Expense,"ORIG CO NAME:WINEBOW NY, NJ, ORIG ID:1364786719 DESC DATE: CO ENTRY DESCR:PAYMENT SEC:CCD TRACE#:111000026255612 EED:251015 IND ID:045590000414858 IND NAME:243 E 14th cafe inc TRN: 2886255612TC",($344.76),Amber,Operating expense  check supporting document; validate correct P&L classification.,Y
10/15/25,Winslow - Checking *2917,Electronic Withdrawal,Labor Expense,ADP - Pay-by-Pay,ADP - Pay-by-Pay,ORIG CO NAME:ADP PAY-BY-PAY ORIG ID:9555555505 DESC DATE:251015 CO ENTRY DESCR:PAY-BY-PAYSEC:CCD TRACE#:021000029965410 EED:251015 IND ID:938137618341GJO IND NAME:243 E 14TH CAFE INC TH 304287687 TRN: 2879965410TC,"($1,086.72)",Amber,Recurring labor cost  verify payroll details; monitor for trend.,Y
10/15/25,Winslow - Checking *2917,Electronic Withdrawal,Other Expense,Loan Repayment,Loan Repayment,ORIG CO NAME:SBA LOAN ORIG ID:7300000104 DESC DATE:251014 CO ENTRY DESCR:PAYMENT SEC:CCD TRACE#:041036049965412 EED:251015 IND ID:0000 IND NAME:THE WINSLOW ACH TRANSACTION TRN: 2879965412TC,($800.00),Amber,Operating expense  check supporting document; validate correct P&L classification.,Y
10/15/25,Winslow - Checking *2917,Electronic Withdrawal,Cost of Goods Sold,Food Expense,Food Expense,ORIG CO NAME:WOOLCO FOODS ORIG ID:2331201470 DESC DATE: CO ENTRY DESCR:BANK SWEEPSEC:WEB TRACE#:104000019965414 EED:251015 IND ID:FT399854198 IND NAME:WINSLOW PUB & RESTAURA TRN: 2879965414TC,"($1,937.89)",Amber,Operating expense  check supporting document; validate correct P&L classification.,Y
10/15/25,Winslow - Checking *2917,Electronic Withdrawal,Cost of Goods Sold,Beverage Expense,Beverage Expense,ORIG CO NAME:MS Walker ORIG ID:1041941600 DESC DATE:251014 CO ENTRY DESCR:WEB PAY SEC:CCD TRACE#:011500129965416 EED:251015 IND ID:MSWalker IND NAME:243 E 14TH CAFE INC (617) 4401764 TRN: 2879965416TC,"($4,043.00)",Amber,Operating expense  check supporting document; validate correct P&L classification.,Y
10/16/25,Winslow - Checking *2917,Deposit,Food & Beverage Sales,Food & Beverage Sales,Gross Receipts,ORIG CO NAME:SHIFT4 ORIG ID:1731435739 DESC DATE:251015 CO ENTRY DESCR:PYMT PROC SEC:CCD TRACE#:011500124337060 EED:251016 IND ID:068880021774459 IND NAME:THE WINSLOW TRN: 2884337060TC,"$3,492.30 ",Green,Revenue/Deposit  no concerns; aligns with operating activity.,
10/17/25,Winslow - Checking *2917,Deposit,Food & Beverage Sales,Food & Beverage Sales,Gross Receipts,ORIG CO NAME:SHIFT4 ORIG ID:1731435739 DESC DATE:251016 CO ENTRY DESCR:PYMT PROC SEC:CCD TRACE#:011500126881379 EED:251017 IND ID:068880021774459 IND NAME:THE WINSLOW TRN: 2906881379TC,"$2,340.41 ",Green,Revenue/Deposit  no concerns; aligns with operating activity.,
10/17/25,Winslow - Checking *2917,Electronic Withdrawal,Other Expense,Marketing/Advertising,Marketing/Advertising,ORIG CO NAME:Seated - New Gue ORIG ID:1800948598 DESC DATE: CO ENTRY DESCR:Seated- DiSEC:WEB TRACE#:091000010985669 EED:251017 IND ID:ST-T7J8P5J6T2N1 IND NAME:THE WINSLOW TRN: 2890985669TC,($253.80),Amber,Operating expense  check supporting document; validate correct P&L classification.,Y
10/17/25,Winslow - Checking *2917,Electronic Withdrawal,Labor Expense,ADP - Payroll Fees,ADP - Payroll Fees,ORIG CO NAME:ADP PAYROLL FEES ORIG ID:9659605001 DESC DATE:251017 CO ENTRY DESCR:ADP FEES SEC:CCD TRACE#:021000026974351 EED:251017 IND ID:929939783644 IND NAME:702521629243 E 14TH CA 550374703 TRN: 2906974351TC,($74.25),Amber,Recurring labor cost  verify payroll details; monitor for trend.,Y
10/18/25,Winslow - Checking *2917,Deposit,Food & Beverage Sales,Food & Beverage Sales,Gross Receipts,ORIG CO NAME:SHIFT4 ORIG ID:1731435739 DESC DATE:251017 CO ENTRY DESCR:PYMT PROC SEC:CCD TRACE#:011500120822383 EED:251020 IND ID:068880021774459 IND NAME:THE WINSLOW TRN: 2900822383TC,"$6,320.97 ",Green,Revenue/Deposit  no concerns; aligns with operating activity.,
10/18/25,Winslow - Checking *2917,Electronic Withdrawal,Taxes,Taxes & Licenses,Taxes & Licenses,ORIG CO NAME:NYS DTF SALES ORIG ID:O146013200 DESC DATE: CO ENTRY DESCR:Tax PaymntSEC:CCD TRACE#:091000011984764 EED:251020 IND ID:000000134231173 IND NAME:SW2506197625 TRN: 2901984764TC,"($12,883.13)",Amber,Operating expense  check supporting document; validate correct P&L classification.,Y
10/19/25,Winslow - Checking *2917,Electronic Withdrawal,Other Expense,Music/DJ,Music/DJ,Zelle payment to RODNEY 26651026387,($150.00),Amber,Operating expense  check supporting document; validate correct P&L classification.,Y
10/19/25,Winslow - Checking *2917,Electronic Withdrawal,Other Expense,Music/DJ,Music/DJ,Zelle payment to Alex Miller 26651007451,($150.00),Amber,Operating expense  check supporting document; validate correct P&L classification.,Y
10/19/25,Winslow - Checking *2917,Electronic Withdrawal,Other Expense,Music/DJ,Music/DJ,Zelle payment to Nav 26649175406,($700.00),Amber,Operating expense  check supporting document; validate correct P&L classification.,Y
10/20/25,Winslow - Checking *2917,Check,Cost of Goods Sold,Uncategorized Expense,,CHECK # 13214,($728.98),Red,Unusual or unclear transaction  confirm business purpose and obtain supporting documents.,We can link this to invoice from QB
10/20/25,Winslow - Checking *2917,Deposit,Food & Beverage Sales,Food & Beverage Sales,Gross Receipts,ORIG CO NAME:SHIFT4 ORIG ID:1731435739 DESC DATE:251019 CO ENTRY DESCR:PYMT PROC SEC:CCD TRACE#:011500128792507 EED:251020 IND ID:068880021774459 IND NAME:THE WINSLOW TRN: 2938792507TC,"$13,169.14 ",Green,Revenue/Deposit  no concerns; aligns with operating activity.,
10/20/25,Winslow - Checking *2917,Deposit,Food & Beverage Sales,Food & Beverage Sales,Gross Receipts,ORIG CO NAME:SHIFT4 ORIG ID:1731435739 DESC DATE:251019 CO ENTRY DESCR:PYMT PROC SEC:CCD TRACE#:011500128792505 EED:251020 IND ID:068880021774459 IND NAME:THE WINSLOW TRN: 2938792505TC,"$8,391.83 ",Green,Revenue/Deposit  no concerns; aligns with operating activity.,
10/20/25,Winslow - Checking *2917,Electronic Withdrawal,Other Expense,Internet/Phone/TV,Internet/Phone/TV,ORIG CO NAME:VERIZON WIRELESS ORIG ID:7223344794 DESC DATE:251020 CO ENTRY DESCR:PAYMENTS SEC:PPD TRACE#:021000021567671 EED:251020 IND ID:078631313300001 IND NAME:0000000078631313300001 TRN: 2931567671TC,($245.87),Amber,Fixed recurring expense  ensure proper invoice and coding.,Y
10/21/25,Winslow - Checking *2917,Deposit,Food & Beverage Sales,Food & Beverage Sales,Gross Receipts,ORIG CO NAME:SHIFT4 ORIG ID:1731435739 DESC DATE:251020 CO ENTRY DESCR:PYMT PROC SEC:CCD TRACE#:011500122032361 EED:251021 IND ID:068880021774459 IND NAME:THE WINSLOW TRN: 2932032361TC,"$4,227.27 ",Green,Revenue/Deposit  no concerns; aligns with operating activity.,
10/21/25,Winslow - Checking *2917,Electronic Withdrawal,Labor Expense,ADP - Wage Pay,ADP - Wage Pay,ORIG CO NAME:ADP WAGE PAY ORIG ID:9333006057 DESC DATE:251021 CO ENTRY DESCR:WAGE PAY SEC:CCD TRACE#:021000022217243 EED:251021 IND ID:928139600254GJO IND NAME:243 E 14TH CAFE INC TH 323298036 TRN: 2942217243TC,"($12,643.97)",Amber,Recurring labor cost  verify payroll details; monitor for trend.,Y
10/21/25,Winslow - Checking *2917,Electronic Withdrawal,Labor Expense,ADP - Tax,ADP - Tax,ORIG CO NAME:ADP Tax ORIG ID:1223006057 DESC DATE:251021 CO ENTRY DESCR:ADP Tax SEC:CCD TRACE#:021000024397840 EED:251021 IND ID:LUGJO 102241A01 IND NAME:243 E 14TH CAFE INC AA TRN: 2944397840TC,"($5,121.32)",Amber,Operating expense  check supporting document; validate correct P&L classification.,Y
10/21/25,Winslow - Checking *2917,Electronic Withdrawal,Other Expense,Utilities,Utilities,ORIG CO NAME:CON ED OF NY ORIG ID:2462467002 DESC DATE:251017 CO ENTRY DESCR:CECONY SEC:CCD TRACE#:021000023220564 EED:251021 IND ID:13883400007 IND NAME:243 E14 CAFE INC. TRN: 2933220564TC,"($4,262.25)",Amber,Fixed recurring expense  ensure proper invoice and coding.,Y
10/22/25,Winslow - Checking *2917,Deposit,Food & Beverage Sales,Food & Beverage Sales,Gross Receipts,ORIG CO NAME:SHIFT4 ORIG ID:1731435739 DESC DATE:251021 CO ENTRY DESCR:CHG BACKS SEC:CCD TRACE#:011500122807793 EED:251022 IND ID:068880021774459 IND NAME:THE WINSLOW TRN: 2942807793TC,$120.43 ,Green,Revenue/Deposit  no concerns; aligns with operating activity.,
10/22/25,Winslow - Checking *2917,Deposit,Food & Beverage Sales,Food & Beverage Sales,Gross Receipts,ORIG CO NAME:SHIFT4 ORIG ID:1731435739 DESC DATE:251021 CO ENTRY DESCR:PYMT PROC SEC:CCD TRACE#:011500122807791 EED:251022 IND ID:068880021774459 IND NAME:THE WINSLOW TRN: 2942807791TC,"$3,216.90 ",Green,Revenue/Deposit  no concerns; aligns with operating activity.,
10/22/25,Winslow - Checking *2917,Electronic Withdrawal,Labor Expense,ADP - Pay-by-Pay,ADP - Pay-by-Pay,ORIG CO NAME:ADP PAY-BY-PAY ORIG ID:9555555505 DESC DATE:251022 CO ENTRY DESCR:PAY-BY-PAYSEC:CCD TRACE#:021000023894040 EED:251022 IND ID:928139600255GJO IND NAME:243 E 14TH CAFE INC TH 304287687 TRN: 2943894040TC,($147.51),Amber,Recurring labor cost  verify payroll details; monitor for trend.,Y
10/23/25,Winslow - Checking *2917,Deposit,Food & Beverage Sales,Food & Beverage Sales,Gross Receipts,ORIG CO NAME:SHIFT4 ORIG ID:1731435739 DESC DATE:251022 CO ENTRY DESCR:PYMT PROC SEC:CCD TRACE#:011500128024571 EED:251023 IND ID:068880021774459 IND NAME:THE WINSLOW TRN: 2958024571TC,"$2,865.19 ",Green,Revenue/Deposit  no concerns; aligns with operating activity.,
10/23/25,Winslow - Checking *2917,Electronic Withdrawal,Fixed Expense,Insurance,Insurance,ORIG CO NAME:FAIRMONT INSURAN ORIG ID:9120735001 DESC DATE:251023 CO ENTRY DESCR:CORP COLL SEC:CCD TRACE#:021000029038716 EED:251023 IND ID:63601 IND NAME:243 E 14 C TRN: 2959038716TC,"($4,514.30)",Amber,Fixed recurring expense  ensure proper invoice and coding.,Y
10/24/25,Winslow - Checking *2917,Deposit,Food & Beverage Sales,Food & Beverage Sales,Gross Receipts,ORIG CO NAME:SHIFT4 ORIG ID:1731435739 DESC DATE:251023 CO ENTRY DESCR:PYMT PROC SEC:CCD TRACE#:011500123494746 EED:251024 IND ID:068880021774459 IND NAME:THE WINSLOW TRN: 2963494746TC,"$2,787.24 ",Green,Revenue/Deposit  no concerns; aligns with operating activity.,
10/24/25,Winslow - Checking *2917,Electronic Withdrawal,Other Expense,Internet/Phone/TV,Internet/Phone/TV,ORIG CO NAME:T-MOBILE ORIG ID:0000450304 DESC DATE:251024 CO ENTRY DESCR:PCS SVC SEC:WEB TRACE#:021000023744475 EED:251024 IND ID:6860041 IND NAME:MARK TAFOYA 800-937-8997 TRN: 2973744475TC,($181.39),Amber,Fixed recurring expense  ensure proper invoice and coding.,Y
10/24/25,Winslow - Checking *2917,Electronic Withdrawal,Labor Expense,ADP - Payroll Fees,ADP - Payroll Fees,ORIG CO NAME:ADP PAYROLL FEES ORIG ID:9659605001 DESC DATE:251024 CO ENTRY DESCR:ADP FEES SEC:CCD TRACE#:021000023744473 EED:251024 IND ID:462579326419 IND NAME:702853370243 E 14TH CA 550374703 TRN: 2973744473TC,($81.93),Amber,Recurring labor cost  verify payroll details; monitor for trend.,Y
10/24/25,Winslow - Checking *2917,Electronic Withdrawal,Other Expense,Uncategorized Expense,Uncategorized Expense,ORIG CO NAME:SHIFT4 ORIG ID:1731435739 DESC DATE:251023 CO ENTRY DESCR:CHG BACKS SEC:CCD TRACE#:011500124772886 EED:251024 IND ID:068880021774459 IND NAME:THE WINSLOW TRN: 2964772886TC,($180.00),Red,Unusual or unclear transaction  confirm business purpose and obtain supporting documents.,
10/24/25,Winslow - Checking *2917,Electronic Withdrawal,Other Expense,Marketing/Advertising,Marketing/Advertising,ORIG CO NAME:Seated - New Gue ORIG ID:1800948598 DESC DATE: CO ENTRY DESCR:Seated- DiSEC:WEB TRACE#:091000014772884 EED:251024 IND ID:ST-M3X3W4L6S0S5 IND NAME:THE WINSLOW TRN: 2964772884TC,($269.76),Amber,Operating expense  check supporting document; validate correct P&L classification.,Y
10/25/25,Winslow - Checking *2917,Deposit,Food & Beverage Sales,Food & Beverage Sales,Gross Receipts,ORIG CO NAME:SHIFT4 ORIG ID:1731435739 DESC DATE:251024 CO ENTRY DESCR:PYMT PROC SEC:CCD TRACE#:011500125197783 EED:251027 IND ID:068880021774459 IND NAME:THE WINSLOW TRN: 2975197783TC,"$5,269.77 ",Green,Revenue/Deposit  no concerns; aligns with operating activity.,
10/26/25,Winslow - Checking *2917,Electronic Withdrawal,Other Expense,Music/DJ,Music/DJ,Zelle payment to BRIAN 26730437933,($150.00),Amber,Operating expense  check supporting document; validate correct P&L classification.,Y
10/26/25,Winslow - Checking *2917,Electronic Withdrawal,Other Expense,Music/DJ,Music/DJ,Zelle payment to Nav 26727259271,($700.00),Amber,Operating expense  check supporting document; validate correct P&L classification.,Y
10/26/25,Winslow - Checking *2917,Electronic Withdrawal,Other Expense,Music/DJ,Music/DJ,Zelle payment to Tanner JPM99bsefcwu,($150.00),Amber,Operating expense  check supporting document; validate correct P&L classification.,Y
10/27/25,Winslow - Checking *2917,Check,Fixed Expense,Rent/Lease,Rent/Lease,CHECK # 13216,"($22,000.00)",Amber,Fixed recurring expense  ensure proper invoice and coding.,Y
10/27/25,Winslow - Checking *2917,Deposit,Event/Gin Club/Other Sales,Event/Gin Club/Other Sales,Event/Gin Club/Other Sales,REMOTE ONLINE DEPOSIT # 1,$300.00 ,Green,Revenue/Deposit  no concerns; aligns with operating activity.,
10/27/25,Winslow - Checking *2917,Deposit,Event/Gin Club/Other Sales,Event/Gin Club/Other Sales,Event/Gin Club/Other Sales,REMOTE ONLINE DEPOSIT # 1,$150.00 ,Green,Revenue/Deposit  no concerns; aligns with operating activity.,
10/27/25,Winslow - Checking *2917,Deposit,Event/Gin Club/Other Sales,Event/Gin Club/Other Sales,Event/Gin Club/Other Sales,REMOTE ONLINE DEPOSIT # 1,$630.00 ,Green,Revenue/Deposit  no concerns; aligns with operating activity.,
10/27/25,Winslow - Checking *2917,Deposit,Food & Beverage Sales,Food & Beverage Sales,Gross Receipts,ORIG CO NAME:SHIFT4 ORIG ID:1731435739 DESC DATE:251026 CO ENTRY DESCR:PYMT PROC SEC:CCD TRACE#:011500128716332 EED:251027 IND ID:068880021774459 IND NAME:THE WINSLOW TRN: 3008716332TC,"$15,848.43 ",Green,Revenue/Deposit  no concerns; aligns with operating activity.,
10/27/25,Winslow - Checking *2917,Deposit,Food & Beverage Sales,Food & Beverage Sales,Gross Receipts,ORIG CO NAME:SHIFT4 ORIG ID:1731435739 DESC DATE:251026 CO ENTRY DESCR:PYMT PROC SEC:CCD TRACE#:011500128716334 EED:251027 IND ID:068880021774459 IND NAME:THE WINSLOW TRN: 3008716334TC,"$10,854.13 ",Green,Revenue/Deposit  no concerns; aligns with operating activity.,
10/27/25,Winslow - Checking *2917,Deposit,Event/Gin Club/Other Sales,Event/Gin Club/Other Sales,Event/Gin Club/Other Sales,REMOTE ONLINE DEPOSIT # 1,$200.00 ,Green,Revenue/Deposit  no concerns; aligns with operating activity.,
10/27/25,Winslow - Checking *2917,Electronic Withdrawal,Cost of Goods Sold,Beverage Expense,Beverage Expense,ORIG CO NAME:ANHEUSER BUSCH N ORIG ID:9431510617 DESC DATE: CO ENTRY DESCR:INVOICES SEC:CCD TRACE#:021303618232332 EED:251027 IND ID:N185610/26/25 IND NAME:THE WINSLOW 200134 TRN: 3008232332TC,($656.00),Amber,Operating expense  check supporting document; validate correct P&L classification.,Y
10/27/25,Winslow - Checking *2917,Electronic Withdrawal,Event/Gin Club/Other Sales,Event/Gin Club/Other Sales,Event/Gin Club/Other Sales,REMOTE ONLINE DEPOSIT # 1,$150.00 ,Green,Revenue/Deposit  no concerns; aligns with operating activity.,
10/27/25,Winslow - Checking *2917,Electronic Withdrawal,Event/Gin Club/Other Sales,Event/Gin Club/Other Sales,Event/Gin Club/Other Sales,REMOTE ONLINE DEPOSIT # 1,$150.00 ,Green,Revenue/Deposit  no concerns; aligns with operating activity.,
10/28/25,Winslow - Checking *2917,Deposit,Food & Beverage Sales,Food & Beverage Sales,Gross Receipts,ORIG CO NAME:SHIFT4 ORIG ID:1731435739 DESC DATE:251027 CO ENTRY DESCR:PYMT PROC SEC:CCD TRACE#:011500125184797 EED:251028 IND ID:068880021774459 IND NAME:THE WINSLOW TRN: 3005184797TC,"$6,668.74 ",Green,Revenue/Deposit  no concerns; aligns with operating activity.,
10/28/25,Winslow - Checking *2917,Electronic Withdrawal,Cost of Goods Sold,Beverage Expense,Beverage Expense,ORIG CO NAME:SGWS of NYC ORIG ID:0008235758 DESC DATE:251027 CO ENTRY DESCR:3056254171SEC:WEB TRACE#:021000026469180 EED:251028 IND ID: IND NAME:Mark Tafoya 2643137456211 TRN: 3006469180TC,"($1,653.71)",Amber,Operating expense  check supporting document; validate correct P&L classification.,Y
10/28/25,Winslow - Checking *2917,Electronic Withdrawal,Other Expense,Marketing/Advertising,Marketing/Advertising,ORIG CO NAME:DINOVA INC MAIN ORIG ID:9892061001 DESC DATE:251028 CO ENTRY DESCR:PAYMENT SEC:PPD TRACE#:021000026469174 EED:251028 IND ID:34135 IND NAME:THE WINSLOW GIN HOUSE TRN: 3006469174TC,($40.32),Amber,Operating expense  check supporting document; validate correct P&L classification.,Y
10/28/25,Winslow - Checking *2917,Electronic Withdrawal,Cost of Goods Sold,Beverage Expense,Beverage Expense,ORIG CO NAME:EMPIRE MERCHANTS ORIG ID:8263863381 DESC DATE: CO ENTRY DESCR:J2689 RCURSEC:CCD TRACE#:111000028712329 EED:251028 IND ID:CZ10000KABL5C IND NAME:243 E 14TH CAFE INC TRN*1*CZ10000KABL5C\RMR*IK*EMPIRE M ERCHANTS NY\ TRN: 3018712329TC,"($1,626.54)",Amber,Operating expense  check supporting document; validate correct P&L classification.,Y
10/28/25,Winslow - Checking *2917,Electronic Withdrawal,Cost of Goods Sold,Beverage Expense,Beverage Expense,ORIG CO NAME:UNION BEER DISTR ORIG ID:9113310559 DESC DATE: CO ENTRY DESCR:INVOICES SEC:CCD TRACE#:021303616469182 EED:251028 IND ID:FMTHI10/26/25 IND NAME:THE WINSLOW 346686 TRN: 3006469182TC,"($1,274.33)",Amber,Operating expense  check supporting document; validate correct P&L classification.,Y
10/28/25,Winslow - Checking *2917,Electronic Withdrawal,Other Expense,Repairs & Maintenance,Repairs & Maintenance,ORIG CO NAME:MR T CARTING COR ORIG ID:1112837920 DESC DATE:102725 CO ENTRY DESCR:BT1027 SEC:CCD TRACE#:021201386469172 EED:251028 IND ID:000000338924002 IND NAME:243 E 14th cafe inc. MR TRN: 3006469172TC,"($1,000.39)",Amber,Fixed recurring expense  ensure proper invoice and coding.,Y
10/28/25,Winslow - Checking *2917,Electronic Withdrawal,Cost of Goods Sold,Food Expense,Food Expense,ORIG CO NAME:WOOLCO FOODS ORIG ID:2331201470 DESC DATE: CO ENTRY DESCR:BANK SWEEPSEC:WEB TRACE#:104000016469176 EED:251028 IND ID:FT401496388 IND NAME:WINSLOW PUB & RESTAURA TRN: 3006469176TC,"($2,335.63)",Amber,Operating expense  check supporting document; validate correct P&L classification.,Y
10/28/25,Winslow - Checking *2917,Electronic Withdrawal,Labor Expense,ADP - Tax,ADP - Tax,ORIG CO NAME:ADP Tax ORIG ID:1223006057 DESC DATE:251028 CO ENTRY DESCR:ADP Tax SEC:CCD TRACE#:021000022109369 EED:251028 IND ID:LUGJO 102942A01 IND NAME:243 E 14TH CAFE INC AA TRN: 3012109369TC,"($5,682.64)",Amber,Operating expense  check supporting document; validate correct P&L classification.,Y
10/28/25,Winslow - Checking *2917,Electronic Withdrawal,Cost of Goods Sold,Food Expense,Food Expense,ORIG CO NAME:Baldor specialty ORIG ID:1800948598 DESC DATE: CO ENTRY DESCR:Baldor speSEC:WEB TRACE#:091000016469178 EED:251028 IND ID:ST-J8K1N9R5S4X5 IND NAME:THE WINSLOW TRN: 3006469178TC,"($2,226.63)",Amber,Operating expense  check supporting document; validate correct P&L classification.,Y
10/28/25,Winslow - Checking *2917,Electronic Withdrawal,Cost of Goods Sold,Beverage Expense,Beverage Expense,ORIG CO NAME:Manhattan Beer D ORIG ID:1139118000 DESC DATE: CO ENTRY DESCR:Manhattan SEC:CCD TRACE#:021000028712327 EED:251028 IND ID:FT401496236 IND NAME:243 E. 14th cafe incTh TRN: 3018712327TC,"($2,521.60)",Amber,Operating expense  check supporting document; validate correct P&L classification.,Y
10/28/25,Winslow - Checking *2917,Electronic Withdrawal,Cost of Goods Sold,Beverage Expense,Beverage Expense,ORIG CO NAME:RedBull US EIPP ORIG ID:3300480328 DESC DATE:102725 CO ENTRY DESCR:VENDOR PMTSEC:CCD TRACE#:091000016469170 EED:251028 IND ID:8PYZB29NFD IND NAME:Mark Tafoya TRN: 3006469170TC,($86.40),Amber,Operating expense  check supporting document; validate correct P&L classification.,Y
10/28/25,Winslow - Checking *2917,Electronic Withdrawal,Labor Expense,ADP - Wage Pay,ADP - Wage Pay,ORIG CO NAME:ADP WAGE PAY ORIG ID:9333006057 DESC DATE:251028 CO ENTRY DESCR:WAGE PAY SEC:CCD TRACE#:021000020069239 EED:251028 IND ID:929839660244GJO IND NAME:243 E 14TH CAFE INC TH 323298036 TRN: 3010069239TC,"($13,656.70)",Amber,Recurring labor cost  verify payroll details; monitor for trend.,Y
10/29/25,Winslow - Checking *2917,Deposit,Food & Beverage Sales,Food & Beverage Sales,Gross Receipts,ORIG CO NAME:SHIFT4 ORIG ID:1731435739 DESC DATE:251028 CO ENTRY DESCR:PYMT PROC SEC:CCD TRACE#:011500120130108 EED:251029 IND ID:068880021774459 IND NAME:THE WINSLOW TRN: 3010130108TC,"$2,446.86 ",Green,Revenue/Deposit  no concerns; aligns with operating activity.,
10/29/25,Winslow - Checking *2917,Electronic Withdrawal,Fixed Expense,Professional Services,Professional Services,ORIG CO NAME:MANGAN & MANGAN ORIG ID:9215986202 DESC DATE:251029 CO ENTRY DESCR:SALE SEC:CCD TRACE#:021000021154965 EED:251029 IND ID: IND NAME:243 E 14 CAFE INC TRN: 3011154965TC,($750.00),Amber,Fixed recurring expense  ensure proper invoice and coding.,Y
10/29/25,Winslow - Checking *2917,Electronic Withdrawal,Labor Expense,ADP - Pay-by-Pay,ADP - Pay-by-Pay,ORIG CO NAME:ADP PAY-BY-PAY ORIG ID:9555555505 DESC DATE:251029 CO ENTRY DESCR:PAY-BY-PAYSEC:CCD TRACE#:021000021154963 EED:251029 IND ID:929839660245GJO IND NAME:243 E 14TH CAFE INC TH 304287687 TRN: 3011154963TC,($149.29),Amber,Recurring labor cost  verify payroll details; monitor for trend.,Y
10/30/25,Winslow - Checking *2917,Deposit,Food & Beverage Sales,Food & Beverage Sales,Gross Receipts,ORIG CO NAME:SHIFT4 ORIG ID:1731435739 DESC DATE:251029 CO ENTRY DESCR:PYMT PROC SEC:CCD TRACE#:011500125157382 EED:251030 IND ID:068880021774459 IND NAME:THE WINSLOW TRN: 3025157382TC,"$4,785.08 ",Green,Revenue/Deposit  no concerns; aligns with operating activity.,
10/31/25,Winslow - Checking *2917,Deposit,Event/Gin Club/Other Sales,Event/Gin Club/Other Sales,Event/Gin Club/Other Sales,REMOTE ONLINE DEPOSIT # 1,$280.00 ,Green,Revenue/Deposit  no concerns; aligns with operating activity.,
10/31/25,Winslow - Checking *2917,Electronic Withdrawal,Food & Beverage Sales,Food & Beverage Sales,Gross Receipts,ORIG CO NAME:SHIFT4 ORIG ID:1731435739 DESC DATE:251030 CO ENTRY DESCR:PYMT PROC SEC:CCD TRACE#:011500121300631 EED:251031 IND ID:068880021774459 IND NAME:THE WINSLOW TRN: 3031300631TC,"$3,468.64 ",Green,Revenue/Deposit  no concerns; aligns with operating activity.,
10/31/25,Winslow - Checking *2917,Electronic Withdrawal,Labor Expense,ADP - Payroll Fees,ADP - Payroll Fees,ORIG CO NAME:ADP PAYROLL FEES ORIG ID:9659605001 DESC DATE:251031 CO ENTRY DESCR:ADP FEES SEC:CCD TRACE#:021000029149004 EED:251031 IND ID:430066878175 IND NAME:703615082243 E 14TH CA 550374703 TRN: 3049149004TC,($74.25),Amber,Recurring labor cost  verify payroll details; monitor for trend.,Y
10/31/25,Winslow - Checking *2917,Electronic Withdrawal,Other Expense,Marketing/Advertising,Marketing/Advertising,ORIG CO NAME:Seated - New Gue ORIG ID:1800948598 DESC DATE: CO ENTRY DESCR:Seated- DiSEC:WEB TRACE#:091000012851358 EED:251031 IND ID:ST-C6Z7B2R6X1I0 IND NAME:THE WINSLOW TRN: 3032851358TC,($111.78),Amber,Operating expense  check supporting document; validate correct P&L classification.,Y
10/31/25,Winslow - CC *8053,Electronic Withdrawal,Other Expense,Bank Charges & Fees,Not Included,CHECKSFORLESS.COM,($137.14),Amber,Operating expense  check supporting document; validate correct P&L classification.,Y
10/31/25,Winslow - CC *8053,Electronic Withdrawal,Other Expense,Parking,Not Included,NYCDOT PARKING METERS,($13.25),Amber,Operating expense  check supporting document; validate correct P&L classification.,Y
10/31/25,Winslow - CC *8053,Electronic Withdrawal,Other Expense,Internet/Phone/TV,Not Included,Spectrum,($229.97),Amber,Fixed recurring expense  ensure proper invoice and coding.,Y
10/27/25,Winslow - CC *8053,Electronic Withdrawal,Other Expense,Parking,Not Included,NYCDOT PARKING METERS,($13.25),Amber,Operating expense  check supporting document; validate correct P&L classification.,Y
10/27/25,Winslow - CC *8053,Electronic Withdrawal,Other Expense,Other Expense,Not Included,EXTRA SPACE 0331,($209.32),Amber,Operating expense  check supporting document; validate correct P&L classification.,Y
10/26/25,Winslow - CC *8053,Electronic Withdrawal,Other Expense,Marketing/Advertising,Not Included,Amazon.com*N40XU3B00,($5.77),Amber,Operating expense  check supporting document; validate correct P&L classification.,Y
10/25/25,Winslow - CC *8053,Electronic Withdrawal,Cost of Goods Sold,Supplies & Packaging Expense,Not Included,THE WEBSTAURANT STORE INC,"($1,215.06)",Amber,Operating expense  check supporting document; validate correct P&L classification.,Y
10/25/25,Winslow - CC *8053,Electronic Withdrawal,Other Expense,Marketing/Advertising,Not Included,Spotify USA,($11.99),Amber,Operating expense  check supporting document; validate correct P&L classification.,Y
10/25/25,Winslow - CC *8053,Electronic Withdrawal,Other Expense,Parking,Not Included,NYCDOT PARKING METERS,($13.25),Amber,Operating expense  check supporting document; validate correct P&L classification.,Y
10/25/25,Winslow - CC *8053,Electronic Withdrawal,Other Expense,Other Expense,Not Included,THE WINSLOW,($32.54),Amber,Operating expense  check supporting document; validate correct P&L classification.,Y
10/20/25,Winslow - CC *8053,Electronic Withdrawal,Other Expense,Marketing/Advertising,Not Included,AMAZON MKTPL*NU1E46BQ0,($6.18),Amber,Operating expense  check supporting document; validate correct P&L classification.,Y
10/18/25,Winslow - CC *8053,Electronic Withdrawal,Other Expense,Parking,Not Included,NYCDOT PARKING METERS,($13.25),Amber,Operating expense  check supporting document; validate correct P&L classification.,Y
10/17/25,Winslow - CC *8053,Electronic Withdrawal,Other Expense,Marketing/Advertising,Not Included,AMAZON MKTPL*NU8LZ2T90,($83.28),Amber,Operating expense  check supporting document; validate correct P&L classification.,Y
10/16/25,Winslow - CC *8053,Electronic Withdrawal,Other Expense,Internet/Phone/TV,Not Included,Peacock AFC3F Premium,($169.99),Amber,Fixed recurring expense  ensure proper invoice and coding.,Y
10/14/25,Winslow - CC *8053,Electronic Withdrawal,Other Expense,Internet/Phone/TV,Not Included,SPI*DIRECTV SERVICE,($499.99),Amber,Fixed recurring expense  ensure proper invoice and coding.,Y
10/13/25,Winslow - CC *8053,Electronic Withdrawal,Other Expense,Parking,Not Included,NYCDOT PARKING METERS,($13.25),Amber,Operating expense  check supporting document; validate correct P&L classification.,Y
10/11/25,Winslow - CC *8053,Electronic Withdrawal,Other Expense,Parking,Not Included,NYCDOT PARKING METERS,($13.25),Amber,Operating expense  check supporting document; validate correct P&L classification.,Y
10/11/25,Winslow - CC *8053,Electronic Withdrawal,Other Expense,Marketing/Advertising,Not Included,AMAZON MKTPL*NF8J34GJ2,($43.29),Amber,Operating expense  check supporting document; validate correct P&L classification.,Y
10/10/25,Winslow - CC *8053,Electronic Withdrawal,Other Expense,Parking,Not Included,NYCDOT PARKING METERS,($13.25),Amber,Operating expense  check supporting document; validate correct P&L classification.,Y
10/7/25,Winslow - CC *8053,Electronic Withdrawal,Other Expense,Marketing/Advertising,Not Included,AMAZON MKTPL*NF0KC1P60,($84.36),Amber,Operating expense  check supporting document; validate correct P&L classification.,Y
10/7/25,Winslow - CC *8053,CC Payment,CC Payment,CC Payment,Not Included,AUTOMATIC PAYMENT - THANK,"$3,984.42 ",Red,Operating expense  check supporting document; validate correct P&L classification.,
10/6/25,Winslow - CC *8053,Electronic Withdrawal,Cost of Goods Sold,Supplies & Packaging Expense,Not Included,SQ *SALES@SUPPLY1PARTS.CO,($499.00),Amber,Operating expense  check supporting document; validate correct P&L classification.,Y
10/6/25,Winslow - CC *8053,Electronic Withdrawal,Other Expense,Parking,Not Included,NYCDOT PARKING METERS,($13.25),Amber,Operating expense  check supporting document; validate correct P&L classification.,Y
10/5/25,Winslow - CC *8053,Electronic Withdrawal,Other Expense,Marketing/Advertising,Not Included,GOOGLE *Google One,($3.25),Amber,Operating expense  check supporting document; validate correct P&L classification.,Y
10/1/25,Winslow - CC *8053,Electronic Withdrawal,Other Expense,Marketing/Advertising,Not Included,GOOGLE *YouTube TV,($82.99),Amber,Operating expense  check supporting document; validate correct P&L classification.,Y
10/1/25,Winslow - CC *8053,Electronic Withdrawal,Other Expense,Marketing/Advertising,Not Included,AMAZON MKTPL*NJ2AF8522,($58.40),Amber,Operating expense  check supporting document; validate correct P&L classification.,Y
10/1/25,Winslow - CC *8053,Electronic Withdrawal,Other Expense,Marketing/Advertising,Not Included,TAGVENUE.COM,($30.01),Amber,Operating expense  check supporting document; validate correct P&L classification.,Y
10/1/25,Winslow - CC *8053,Electronic Withdrawal,Other Expense,Marketing/Advertising,Not Included,YELP INC 412-235-4324,($271.10),Amber,Operating expense  check supporting document; validate correct P&L classification.,Y
10/1/25,Winslow - CC *8053,Electronic Withdrawal,Other Expense,Internet/Phone/TV,Not Included,Spectrum,($229.97),Amber,Operating expense  check supporting document; validate correct P&L classification.,Y
10/1/25,Winslow - CC *8053,Electronic Withdrawal,Other Expense,Software,Not Included,INTUIT *QBooks Live,($140.66),Amber,Operating expense  check supporting document; validate correct P&L classification.,Y
9/28/25,Winslow - CC *8053,Electronic Withdrawal,Cost of Goods Sold,Supplies & Packaging Expense,Not Included,SP RESTAURANT SUPPLY,"($3,459.96)",Amber,Operating expense  check supporting document; validate correct P&L classification.,Y
9/27/25,Winslow - CC *8053,Electronic Withdrawal,Other Expense,Parking,Not Included,NYCDOT PARKING METERS,($13.25),Amber,Operating expense  check supporting document; validate correct P&L classification.,Y
9/27/25,Winslow - CC *8053,Electronic Withdrawal,Fixed Expense,Insurance,Not Included,IPFS Corporation,"($3,753.16)",Amber,Fixed recurring expense  ensure proper invoice and coding.,Y
9/27/25,Winslow - CC *8053,Electronic Withdrawal,Other Expense,Other Expense,Not Included,EXTRA SPACE 0331,($209.32),Amber,Operating expense  check supporting document; validate correct P&L classification.,Y
9/26/25,Winslow - CC *8053,Electronic Withdrawal,Other Expense,Marketing/Advertising,Not Included,AMAZON MKTPL*NJ9X23GS1,($51.95),Amber,Operating expense  check supporting document; validate correct P&L classification.,Y
9/25/25,Winslow - CC *8053,Electronic Withdrawal,Other Expense,Software,Not Included,Spotify USA,($11.99),Amber,Operating expense  check supporting document; validate correct P&L classification.,Y
9/25/25,Winslow - CC *8053,Electronic Withdrawal,Other Expense,Marketing/Advertising,Not Included,PADDLE.NET* APPCHATBOT,($59.99),Amber,Operating expense  check supporting document; validate correct P&L classification.,Y
9/22/25,Winslow - CC *8053,Electronic Withdrawal,Other Expense,Marketing/Advertising,Not Included,Amazon.com*OC64Z9FX3,($21.48),Amber,Operating expense  check supporting document; validate correct P&L classification.,Y
9/22/25,Winslow - CC *8053,Electronic Withdrawal,Other Expense,Other Expense,Not Included,GLF*AGCDYKER,"($2,640.00)",Amber,Operating expense  check supporting document; validate correct P&L classification.,Y
9/20/25,Winslow - CC *8053,Electronic Withdrawal,Other Expense,Other Expense,Not Included,STAPLES       00109538,($62.37),Amber,Operating expense  check supporting document; validate correct P&L classification.,Y
9/20/25,Winslow - CC *8053,Electronic Withdrawal,Cost of Goods Sold,Supplies & Packaging Expense,Not Included,RESTAURANT DEPOT,($329.90),Amber,Operating expense  check supporting document; validate correct P&L classification.,Y
9/19/25,Winslow - CC *8053,Electronic Withdrawal,Other Expense,Other Expense,Not Included,DUANE READE #14265,($31.20),Amber,Operating expense  check supporting document; validate correct P&L classification.,Y
9/19/25,Winslow - CC *8053,Electronic Withdrawal,Fixed Expense,Insurance,Not Included,IPFS Corporation,"($3,753.16)",Amber,Operating expense  check supporting document; validate correct P&L classification.,Y
9/17/25,Winslow - CC *8053,Electronic Withdrawal,Other Expense,Other Expense,Not Included,APEX TOURS INC,($416.00),Amber,Operating expense  check supporting document; validate correct P&L classification.,Y
9/16/25,Winslow - CC *8053,Electronic Withdrawal,Other Expense,Parking,Not Included,NYCDOT PARKING METERS,($13.25),Amber,Operating expense  check supporting document; validate correct P&L classification.,Y
9/15/25,Winslow - CC *8053,Electronic Withdrawal,Other Expense,Parking,Not Included,DOF PARKING SERVICE FEE,($4.50),Amber,Operating fee  confirm accuracy and classification; monitor for recurring amounts.,Y
9/15/25,Winslow - CC *8053,Electronic Withdrawal,Other Expense,Parking,Not Included,DOF PARKING OPERATIONS,($225.00),Amber,Operating expense  check supporting document; validate correct P&L classification.,Y
9/15/25,Winslow - CC *8053,Electronic Withdrawal,Other Expense,Parking,Not Included,DOF PARKING SERVICE FEE,($1.30),Amber,Operating fee  confirm accuracy and classification; monitor for recurring amounts.,Y
9/15/25,Winslow - CC *8053,Electronic Withdrawal,Other Expense,Parking,Not Included,DOF PARKING OPERATIONS,($65.00),Amber,Operating expense  check supporting document; validate correct P&L classification.,Y
9/15/25,Winslow - CC *8053,Electronic Withdrawal,Other Expense,Parking,Not Included,NYCDOT PARKING METERS,($13.25),Amber,Operating expense  check supporting document; validate correct P&L classification.,Y
9/14/25,Winslow - CC *8053,Electronic Withdrawal,Other Expense,Internet/Phone/TV,Not Included,SPI*DIRECTV SERVICE,($499.99),Amber,Operating expense  check supporting document; validate correct P&L classification.,Y
9/9/25,Winslow - CC *8053,Electronic Withdrawal,Other Expense,Parking,Not Included,NYCDOT PARKING METERS,($13.25),Amber,Operating expense  check supporting document; validate correct P&L classification.,Y
9/8/25,Winslow - CC *8053,Electronic Withdrawal,Other Expense,Marketing/Advertising,Not Included,Amazon.com*GJ82A6B53,($13.78),Amber,Operating expense  check supporting document; validate correct P&L classification.,Y
9/7/25,Winslow - CC *8053,CC Payment,CC Payment,CC Payment,Not Included,AUTOMATIC PAYMENT - THANK,"$7,829.66 ",Red,Operating expense  check supporting document; validate correct P&L classification.,
9/6/25,Winslow - CC *8053,Electronic Withdrawal,Other Expense,Marketing/Advertising,Not Included,AMAZON MKTPL*LV3OU0JI3,($27.21),Amber,Operating expense  check supporting document; validate correct P&L classification.,Y
9/6/25,Winslow - CC *8053,Electronic Withdrawal,Other Expense,Marketing/Advertising,Not Included,AMAZON MKTPL*6535G1SI3,($9.67),Amber,Operating expense  check supporting document; validate correct P&L classification.,Y
9/6/25,Winslow - CC *8053,Electronic Withdrawal,Other Expense,Marketing/Advertising,Not Included,AMAZON MKTPL*ER3CY6M33,($21.72),Amber,Operating expense  check supporting document; validate correct P&L classification.,Y
9/6/25,Winslow - CC *8053,Electronic Withdrawal,Other Expense,Marketing/Advertising,Not Included,AMAZON MKTPL*P03WV4ES3,($60.64),Amber,Operating expense  check supporting document; validate correct P&L classification.,Y
9/6/25,Winslow - CC *8053,Electronic Withdrawal,Other Expense,Marketing/Advertising,Not Included,IN *PRESTIGIOUS MAINTENAN,($744.91),Amber,Operating expense  check supporting document; validate correct P&L classification.,Y
9/5/25,Winslow - CC *8053,Electronic Withdrawal,Other Expense,Marketing/Advertising,Not Included,GOOGLE *Google One,($3.25),Amber,Operating expense  check supporting document; validate correct P&L classification.,Y
9/1/25,Winslow - CC *8053,Electronic Withdrawal,Other Expense,Internet/Phone/TV,Not Included,GOOGLE *YouTube TV,($82.99),Amber,Operating expense  check supporting document; validate correct P&L classification.,
9/1/25,Winslow - CC *8053,Electronic Withdrawal,Other Expense,Marketing/Advertising,Not Included,YELP INC 412-235-4324,($271.10),Amber,Operating expense  check supporting document; validate correct P&L classification.,
9/1/25,Winslow - CC *8053,Electronic Withdrawal,Other Expense,Software,Not Included,INTUIT *QBooks Live,($140.66),Amber,Operating expense  check supporting document; validate correct P&L classification.,
8/31/25,Winslow - CC *8053,Electronic Withdrawal,Other Expense,Internet/Phone/TV,Not Included,Spectrum,($229.97),Amber,Operating expense  check supporting document; validate correct P&L classification.,
8/27/25,Winslow - CC *8053,Electronic Withdrawal,Other Expense,Other Expense,Not Included,EXTRA SPACE 0331,($209.32),Amber,Operating expense  check supporting document; validate correct P&L classification.,
8/25/25,Winslow - CC *8053,Electronic Withdrawal,Other Expense,Software,Not Included,Spotify USA,($11.99),Amber,Fixed recurring expense  ensure proper invoice and coding.,
8/25/25,Winslow - CC *8053,Electronic Withdrawal,Cost of Goods Sold,Beverage Expense,Not Included,SQ *TENMILE DISTILLERY,($643.92),Amber,Operating expense  check supporting document; validate correct P&L classification.,
8/22/25,Winslow - CC *8053,Electronic Withdrawal,Other Expense,Other Expense,Not Included,3RD AVE DOLLAR & MORE,($12.49),Amber,Operating expense  check supporting document; validate correct P&L classification.,
8/18/25,Winslow - CC *8053,Electronic Withdrawal,Other Expense,Parking,Not Included,NYCDOT PARKING METERS,($13.25),Amber,Operating expense  check supporting document; validate correct P&L classification.,
8/16/25,Winslow - CC *8053,Electronic Withdrawal,Other Expense,Marketing/Advertising,Not Included,AMAZON MKTPL*3M6ZZ4JM3,($48.97),Amber,Operating expense  check supporting document; validate correct P&L classification.,
8/16/25,Winslow - CC *8053,Electronic Withdrawal,Other Expense,Parking,Not Included,NYCDOT PARKING METERS,($13.25),Amber,Operating expense  check supporting document; validate correct P&L classification.,
8/16/25,Winslow - CC *8053,Electronic Withdrawal,Other Expense,Other Expense,Not Included,THE WINSLOW,($117.89),Amber,Operating expense  check supporting document; validate correct P&L classification.,
8/14/25,Winslow - CC *8053,Electronic Withdrawal,Other Expense,Internet/Phone/TV,Not Included,SPI*DIRECTV SERVICE,($499.99),Amber,Operating expense  check supporting document; validate correct P&L classification.,
8/13/25,Winslow - CC *8053,Electronic Withdrawal,Other Expense,Marketing/Advertising,Not Included,TAGVENUE.COM,($92.20),Amber,Operating expense  check supporting document; validate correct P&L classification.,
8/12/25,Winslow - CC *8053,Electronic Withdrawal,Other Expense,Other Expense,Not Included,CUPSOUL CAFE,($36.18),Amber,Operating expense  check supporting document; validate correct P&L classification.,
8/12/25,Winslow - CC *8053,Electronic Withdrawal,Other Expense,Repairs & Maintenance,Not Included,CBG JANOVIC,($90.29),Amber,Operating expense  check supporting document; validate correct P&L classification.,
8/11/25,Winslow - CC *8053,Electronic Withdrawal,Other Expense,Parking,Not Included,NYCDOT PARKING METERS,($13.25),Amber,Operating expense  check supporting document; validate correct P&L classification.,
8/8/25,Winslow - CC *8053,Electronic Withdrawal,Other Expense,Internet/Phone/TV,Not Included,GOOGLE *YouTube TV,($378.00),Amber,Operating expense  check supporting document; validate correct P&L classification.,
8/8/25,Winslow - CC *8053,Electronic Withdrawal,Other Expense,Parking,Not Included,NYCDOT PARKING METERS,($13.25),Amber,Operating expense  check supporting document; validate correct P&L classification.,
8/7/25,Winslow - CC *8053,CC Payment,CC Payment,CC Payment,Not Included,AUTOMATIC PAYMENT - THANK,"$2,548.12 ",Red,Operating expense  check supporting document; validate correct P&L classification.,
8/6/25,Winslow - CC *8053,Electronic Withdrawal,Other Expense,Taxes & Licenses,Not Included,DOHMH LIC/PRM SERFEE-WEB,($5.60),Amber,Operating fee  confirm accuracy and classification; monitor for recurring amounts.,
8/6/25,Winslow - CC *8053,Electronic Withdrawal,Other Expense,Taxes & Licenses,Not Included,NYC DOHMH LIC/PRMT (WEB),($280.00),Amber,Operating expense  check supporting document; validate correct P&L classification.,
8/6/25,Winslow - CC *8053,Electronic Withdrawal,Other Expense,Other Expense,Not Included,THE WINSLOW,($76.35),Amber,Operating expense  check supporting document; validate correct P&L classification.,
8/5/25,Winslow - CC *8053,Electronic Withdrawal,Other Expense,Marketing/Advertising,Not Included,GOOGLE *Google One,($3.25),Amber,Operating expense  check supporting document; validate correct P&L classification.,
8/5/25,Winslow - CC *8053,Electronic Withdrawal,Other Expense,Parking,Not Included,NYCDOT PARKING METERS,($13.25),Amber,Operating expense  check supporting document; validate correct P&L classification.,
8/4/25,Winslow - CC *8053,Electronic Withdrawal,Other Expense,Marketing/Advertising,Not Included,AMAZON MKTPL*5S8A01SA3,($59.87),Amber,Operating expense  check supporting document; validate correct P&L classification.,
8/3/25,Winslow - CC *8053,Electronic Withdrawal,Other Expense,Marketing/Advertising,Not Included,AMAZON MKTPL*KS0ZJ9B93,($17.26),Amber,Operating expense  check supporting document; validate correct P&L classification.,
8/2/25,Winslow - CC *8053,Electronic Withdrawal,Other Expense,Marketing/Advertising,Not Included,TAGVENUE.COM,($63.50),Amber,Operating expense  check supporting document; validate correct P&L classification.,
8/1/25,Winslow - CC *8053,Electronic Withdrawal,Other Expense,Internet/Phone/TV,Not Included,GOOGLE *YouTube TV,($82.99),Amber,Operating expense  check supporting document; validate correct P&L classification.,
8/1/25,Winslow - CC *8053,Electronic Withdrawal,Other Expense,Marketing/Advertising,Not Included,YELP INC 412-235-4324,($271.10),Amber,Operating expense  check supporting document; validate correct P&L classification.,
8/1/25,Winslow - CC *8053,Electronic Withdrawal,Other Expense,Software,Not Included,INTUIT *QBooks Live,($140.66),Amber,Fixed recurring expense  ensure proper invoice and coding.,
10/28/25,Winslow - CC *4239,Electronic Withdrawal,Cost of Goods Sold,Food Expense,Not Included,BALTHAZAR BAKERY,($44.00),Amber,Operating expense  check supporting document; validate correct P&L classification.,
10/21/25,Winslow - CC *4239,Electronic Withdrawal,Cost of Goods Sold,Food Expense,Not Included,BALTHAZAR BAKERY,($152.00),Amber,Operating expense  check supporting document; validate correct P&L classification.,
10/21/25,Winslow - CC *4239,Electronic Withdrawal,Other Expense,Marketing/Advertising,Not Included,DENVER DIGITAL AGENCY,($320.00),Amber,Operating expense  check supporting document; validate correct P&L classification.,
10/14/25,Winslow - CC *4239,Electronic Withdrawal,Cost of Goods Sold,Food Expense,Not Included,BALTHAZAR BAKERY,($154.00),Amber,Operating expense  check supporting document; validate correct P&L classification.,
10/7/25,Winslow - CC *4239,Electronic Withdrawal,Cost of Goods Sold,Food Expense,Not Included,BALTHAZAR BAKERY,($44.00),Amber,Operating expense  check supporting document; validate correct P&L classification.,
9/30/25,Winslow - CC *4239,Electronic Withdrawal,Cost of Goods Sold,Food Expense,Not Included,BALTHAZAR BAKERY,($44.00),Amber,Operating expense  check supporting document; validate correct P&L classification.,
9/23/25,Winslow - CC *4239,Electronic Withdrawal,Cost of Goods Sold,Food Expense,Not Included,BALTHAZAR BAKERY,($110.00),Amber,Operating expense  check supporting document; validate correct P&L classification.,
9/21/25,Winslow - CC *4239,Electronic Withdrawal,Other Expense,Marketing/Advertising,Not Included,DENVER DIGITAL AGENCY,($320.00),Amber,Operating expense  check supporting document; validate correct P&L classification.,
9/16/25,Winslow - CC *4239,Electronic Withdrawal,Cost of Goods Sold,Food Expense,Not Included,BALTHAZAR BAKERY,($166.00),Amber,Operating expense  check supporting document; validate correct P&L classification.,
9/13/25,Winslow - CC *4239,Electronic Withdrawal,Other Expense,Internet/Phone/TV,Not Included,ESPN,($119.99),Amber,Operating expense  check supporting document; validate correct P&L classification.,
9/9/25,Winslow - CC *4239,Electronic Withdrawal,Cost of Goods Sold,Food Expense,Not Included,BALTHAZAR BAKERY,($44.00),Amber,Operating expense  check supporting document; validate correct P&L classification.,
9/2/25,Winslow - CC *4239,Electronic Withdrawal,Cost of Goods Sold,Food Expense,Not Included,BALTHAZAR BAKERY,($250.00),Amber,Operating expense  check supporting document; validate correct P&L classification.,
8/26/25,Winslow - CC *4239,Electronic Withdrawal,Cost of Goods Sold,Food Expense,Not Included,BALTHAZAR BAKERY,($44.00),Amber,Operating expense  check supporting document; validate correct P&L classification.,
8/21/25,Winslow - CC *4239,Electronic Withdrawal,Other Expense,Marketing/Advertising,Not Included,DENVER DIGITAL AGENCY,($320.00),Amber,Operating expense  check supporting document; validate correct P&L classification.,
8/19/25,Winslow - CC *4239,Electronic Withdrawal,Cost of Goods Sold,Food Expense,Not Included,BALTHAZAR BAKERY,($44.00),Amber,Operating expense  check supporting document; validate correct P&L classification.,
8/12/25,Winslow - CC *4239,Electronic Withdrawal,Cost of Goods Sold,Food Expense,Not Included,BALTHAZAR BAKERY,($44.00),Amber,Operating expense  check supporting document; validate correct P&L classification.,
8/5/25,Winslow - CC *4239,Electronic Withdrawal,Cost of Goods Sold,Food Expense,Not Included,BALTHAZAR BAKERY,($82.00),Amber,Operating expense  check supporting document; validate correct P&L classification.,